{
    "features": [
        {
            "type": "Feature",
            "geometry": {
                "coordinates": [
                    [
                        [
                            13.033395312250283,
                            52.39917710954632
                        ],
                        [
                            13.033468757002925,
                            52.399178331703105
                        ],
                        [
                            13.033470754971622,
                            52.399133406468465
                        ],
                        [
                            13.03339731029348,
                            52.39913218431366
                        ],
                        [
                            13.033395312250283,
                            52.39917710954632
                        ]
                    ]
                ],
                "type": "Polygon"
            }
        },
        {
            "type": "Feature",
            "geometry": {
                "coordinates": [
                    [
                        [
                            13.033696279552462,
                            52.39910299057579
                        ],
                        [
                            13.033769724195302,
                            52.39910421254438
                        ],
                        [
                            13.033771721853004,
                            52.39905928730106
                        ],
                        [
                            13.033698277284664,
                            52.39905806533443
                        ],
                        [
                            13.033696279552462,
                            52.39910299057579
                        ]
                    ]
                ],
                "type": "Polygon"
            }
        },
        {
            "type": "Feature",
            "geometry": {
                "coordinates": [
                    [
                        [
                            13.03365904254162,
                            52.399097425577814
                        ],
                        [
                            13.03373248717358,
                            52.39909864756946
                        ],
                        [
                            13.033734484868699,
                            52.399053722327096
                        ],
                        [
                            13.03366104031124,
                            52.399052500337426
                        ],
                        [
                            13.03365904254162,
                            52.399097425577814
                        ]
                    ]
                ],
                "type": "Polygon"
            }
        },
        {
            "type": "Feature",
            "geometry": {
                "coordinates": [
                    [
                        [
                            13.033590104484484,
                            52.39909403060216
                        ],
                        [
                            13.033663549107771,
                            52.39909525263658
                        ],
                        [
                            13.033665546872655,
                            52.399050327396054
                        ],
                        [
                            13.033592102323869,
                            52.39904910536361
                        ],
                        [
                            13.033590104484484,
                            52.39909403060216
                        ]
                    ]
                ],
                "type": "Polygon"
            }
        },
        {
            "type": "Feature",
            "geometry": {
                "coordinates": [
                    [
                        [
                            13.033549769880407,
                            52.399092010706674
                        ],
                        [
                            13.033623214498565,
                            52.39909323276611
                        ],
                        [
                            13.033625212304266,
                            52.39904830752666
                        ],
                        [
                            13.03355176776061,
                            52.399047085469185
                        ],
                        [
                            13.033549769880407,
                            52.399092010706674
                        ]
                    ]
                ],
                "type": "Polygon"
            }
        },
        {
            "type": "Feature",
            "geometry": {
                "coordinates": [
                    [
                        [
                            13.033490499517276,
                            52.39908607902917
                        ],
                        [
                            13.033563944122974,
                            52.399087301125334
                        ],
                        [
                            13.033565941988444,
                            52.399042375887426
                        ],
                        [
                            13.033492497457246,
                            52.399041153793235
                        ],
                        [
                            13.033490499517276,
                            52.39908607902917
                        ]
                    ]
                ],
                "type": "Polygon"
            }
        },
        {
            "type": "Feature",
            "geometry": {
                "coordinates": [
                    [
                        [
                            13.033769958990861,
                            52.39883446556847
                        ],
                        [
                            13.033843403191119,
                            52.398835687486944
                        ],
                        [
                            13.033845400754656,
                            52.398790762239585
                        ],
                        [
                            13.033771956628899,
                            52.39878954032308
                        ],
                        [
                            13.033769958990861,
                            52.39883446556847
                        ]
                    ]
                ],
                "type": "Polygon"
            }
        },
        {
            "type": "Feature",
            "geometry": {
                "coordinates": [
                    [
                        [
                            13.033753351188757,
                            52.398811260426385
                        ],
                        [
                            13.033826795349755,
                            52.39881248235481
                        ],
                        [
                            13.03382879292849,
                            52.398767557107725
                        ],
                        [
                            13.033755348841991,
                            52.39876633518127
                        ],
                        [
                            13.033753351188757,
                            52.398811260426385
                        ]
                    ]
                ],
                "type": "Polygon"
            }
        },
        {
            "type": "Feature",
            "geometry": {
                "coordinates": [
                    [
                        [
                            13.03581384105851,
                            52.398836982409925
                        ],
                        [
                            13.035887285352922,
                            52.39883820305875
                        ],
                        [
                            13.035889280840921,
                            52.39879327775638
                        ],
                        [
                            13.035815836621008,
                            52.39879205710953
                        ],
                        [
                            13.03581384105851,
                            52.398836982409925
                        ]
                    ]
                ],
                "type": "Polygon"
            }
        },
        {
            "type": "Feature",
            "geometry": {
                "coordinates": [
                    [
                        [
                            13.035819285406857,
                            52.398813694493924
                        ],
                        [
                            13.035892729662846,
                            52.398814915138985
                        ],
                        [
                            13.035894725143642,
                            52.39876998983627
                        ],
                        [
                            13.035821280962153,
                            52.39876876919319
                        ],
                        [
                            13.035819285406857,
                            52.398813694493924
                        ]
                    ]
                ],
                "type": "Polygon"
            }
        },
        {
            "type": "Feature",
            "geometry": {
                "coordinates": [
                    [
                        [
                            13.035850658634118,
                            52.39876925745589
                        ],
                        [
                            13.035924102817711,
                            52.39877047808074
                        ],
                        [
                            13.035926098263447,
                            52.39872555277686
                        ],
                        [
                            13.035852654154354,
                            52.398724332153975
                        ],
                        [
                            13.035850658634118,
                            52.39876925745589
                        ]
                    ]
                ],
                "type": "Polygon"
            }
        },
        {
            "type": "Feature",
            "geometry": {
                "coordinates": [
                    [
                        [
                            13.035886625812303,
                            52.39868758123204
                        ],
                        [
                            13.035960069861874,
                            52.39868880183323
                        ],
                        [
                            13.03596206526521,
                            52.39864387652775
                        ],
                        [
                            13.035888621290137,
                            52.39864265592853
                        ],
                        [
                            13.035886625812303,
                            52.39868758123204
                        ]
                    ]
                ],
                "type": "Polygon"
            }
        },
        {
            "type": "Feature",
            "geometry": {
                "coordinates": [
                    [
                        [
                            13.035902807338529,
                            52.39867076594663
                        ],
                        [
                            13.035976251360895,
                            52.39867198653749
                        ],
                        [
                            13.035978246746586,
                            52.39862706123144
                        ],
                        [
                            13.03590480279872,
                            52.39862584064255
                        ],
                        [
                            13.035902807338529,
                            52.39867076594663
                        ]
                    ]
                ],
                "type": "Polygon"
            }
        },
        {
            "type": "Feature",
            "geometry": {
                "coordinates": [
                    [
                        [
                            13.035835677432976,
                            52.39857703580703
                        ],
                        [
                            13.035909121296774,
                            52.398578256438064
                        ],
                        [
                            13.035911116743899,
                            52.39853333113311
                        ],
                        [
                            13.035837672954601,
                            52.39853211050404
                        ],
                        [
                            13.035835677432976,
                            52.39857703580703
                        ]
                    ]
                ],
                "type": "Polygon"
            }
        },
        {
            "type": "Feature",
            "geometry": {
                "coordinates": [
                    [
                        [
                            13.033730228581497,
                            52.3985213430855
                        ],
                        [
                            13.033803672260142,
                            52.398522565023576
                        ],
                        [
                            13.033805669841481,
                            52.398477639774896
                        ],
                        [
                            13.033732226237337,
                            52.398476417838786
                        ],
                        [
                            13.033730228581497,
                            52.3985213430855
                        ]
                    ]
                ],
                "type": "Polygon"
            }
        },
        {
            "type": "Feature",
            "geometry": {
                "coordinates": [
                    [
                        [
                            13.034249539917889,
                            52.398511998888594
                        ],
                        [
                            13.03432298360389,
                            52.39851322050391
                        ],
                        [
                            13.034324980657162,
                            52.398468295241166
                        ],
                        [
                            13.034251537045662,
                            52.39846707362782
                        ],
                        [
                            13.034249539917889,
                            52.398511998888594
                        ]
                    ]
                ],
                "type": "Polygon"
            }
        },
        {
            "type": "Feature",
            "geometry": {
                "coordinates": [
                    [
                        [
                            13.03580738923388,
                            52.39850238417292
                        ],
                        [
                            13.035880832972492,
                            52.39850360482032
                        ],
                        [
                            13.035882828442974,
                            52.39845867951556
                        ],
                        [
                            13.035809384778865,
                            52.39845745887011
                        ],
                        [
                            13.03580738923388,
                            52.39850238417292
                        ]
                    ]
                ],
                "type": "Polygon"
            }
        },
        {
            "type": "Feature",
            "geometry": {
                "coordinates": [
                    [
                        [
                            13.033678339928155,
                            52.39831636822641
                        ],
                        [
                            13.033751783264208,
                            52.3983175901934
                        ],
                        [
                            13.033753780883483,
                            52.39827266494455
                        ],
                        [
                            13.03368033762193,
                            52.39827144297953
                        ],
                        [
                            13.033678339928155,
                            52.39831636822641
                        ]
                    ]
                ],
                "type": "Polygon"
            }
        },
        {
            "type": "Feature",
            "geometry": {
                "coordinates": [
                    [
                        [
                            13.033646114223664,
                            52.39828076441446
                        ],
                        [
                            13.033719557499186,
                            52.398281986400896
                        ],
                        [
                            13.033721555148626,
                            52.398237061152635
                        ],
                        [
                            13.033648111947603,
                            52.39823583916817
                        ],
                        [
                            13.033646114223664,
                            52.39828076441446
                        ]
                    ]
                ],
                "type": "Polygon"
            }
        },
        {
            "type": "Feature",
            "geometry": {
                "coordinates": [
                    [
                        [
                            13.033052238084311,
                            52.398264587335156
                        ],
                        [
                            13.033125681306812,
                            52.39826580969025
                        ],
                        [
                            13.033127679558199,
                            52.39822088445788
                        ],
                        [
                            13.033054236410196,
                            52.398219662104765
                        ],
                        [
                            13.033052238084311,
                            52.398264587335156
                        ]
                    ]
                ],
                "type": "Polygon"
            }
        },
        {
            "type": "Feature",
            "geometry": {
                "coordinates": [
                    [
                        [
                            13.034135005065814,
                            52.39822820401613
                        ],
                        [
                            13.034208448275605,
                            52.39822942569801
                        ],
                        [
                            13.034210445424765,
                            52.398184500436166
                        ],
                        [
                            13.034137002289473,
                            52.398183278756264
                        ],
                        [
                            13.034135005065814,
                            52.39822820401613
                        ]
                    ]
                ],
                "type": "Polygon"
            }
        },
        {
            "type": "Feature",
            "geometry": {
                "coordinates": [
                    [
                        [
                            13.033911507297168,
                            52.39819661172897
                        ],
                        [
                            13.033984950444665,
                            52.398197833549176
                        ],
                        [
                            13.033986947818526,
                            52.39815290829313
                        ],
                        [
                            13.033913504745524,
                            52.398151686474904
                        ],
                        [
                            13.033911507297168,
                            52.39819661172897
                        ]
                    ]
                ],
                "type": "Polygon"
            }
        },
        {
            "type": "Feature",
            "geometry": {
                "coordinates": [
                    [
                        [
                            13.033902293167705,
                            52.39813936116116
                        ],
                        [
                            13.03397573621975,
                            52.39814058298615
                        ],
                        [
                            13.033977733598844,
                            52.398095657729925
                        ],
                        [
                            13.033904290621297,
                            52.39809443590689
                        ],
                        [
                            13.033902293167705,
                            52.39813936116116
                        ]
                    ]
                ],
                "type": "Polygon"
            }
        },
        {
            "type": "Feature",
            "geometry": {
                "coordinates": [
                    [
                        [
                            13.035383285344404,
                            52.39815544853964
                        ],
                        [
                            13.035456728488361,
                            52.39815666944489
                        ],
                        [
                            13.03545872436459,
                            52.39811174414888
                        ],
                        [
                            13.035385281295131,
                            52.398110523245606
                        ],
                        [
                            13.035383285344404,
                            52.39815544853964
                        ]
                    ]
                ],
                "type": "Polygon"
            }
        },
        {
            "type": "Feature",
            "geometry": {
                "coordinates": [
                    [
                        [
                            13.031954912063915,
                            52.39801703016345
                        ],
                        [
                            13.032028354827055,
                            52.398018253196206
                        ],
                        [
                            13.032030354174998,
                            52.39797332799154
                        ],
                        [
                            13.031956911486352,
                            52.39797210496074
                        ],
                        [
                            13.031954912063915,
                            52.39801703016345
                        ]
                    ]
                ],
                "type": "Polygon"
            }
        },
        {
            "type": "Feature",
            "geometry": {
                "coordinates": [
                    [
                        [
                            13.032034830051483,
                            52.39800487347544
                        ],
                        [
                            13.032108272797965,
                            52.39800609645836
                        ],
                        [
                            13.03211027206387,
                            52.39796117125143
                        ],
                        [
                            13.032036829391885,
                            52.39795994827049
                        ],
                        [
                            13.032034830051483,
                            52.39800487347544
                        ]
                    ]
                ],
                "type": "Polygon"
            }
        },
        {
            "type": "Feature",
            "geometry": {
                "coordinates": [
                    [
                        [
                            13.032102837218313,
                            52.39799611507594
                        ],
                        [
                            13.032176279953253,
                            52.39799733801646
                        ],
                        [
                            13.032178279149463,
                            52.39795241280764
                        ],
                        [
                            13.03210483648902,
                            52.39795118986908
                        ],
                        [
                            13.032102837218313,
                            52.39799611507594
                        ]
                    ]
                ],
                "type": "Polygon"
            }
        },
        {
            "type": "Feature",
            "geometry": {
                "coordinates": [
                    [
                        [
                            13.03219544030948,
                            52.39797967366079
                        ],
                        [
                            13.032268883021203,
                            52.397980896543515
                        ],
                        [
                            13.032270882122186,
                            52.39793597133207
                        ],
                        [
                            13.032197439484957,
                            52.39793474845131
                        ],
                        [
                            13.03219544030948,
                            52.39797967366079
                        ]
                    ]
                ],
                "type": "Polygon"
            }
        },
        {
            "type": "Feature",
            "geometry": {
                "coordinates": [
                    [
                        [
                            13.032273094913705,
                            52.39796882787938
                        ],
                        [
                            13.032346537610849,
                            52.3979700507137
                        ],
                        [
                            13.032348536632188,
                            52.397925125500066
                        ],
                        [
                            13.032275094009542,
                            52.39792390266773
                        ],
                        [
                            13.032273094913705,
                            52.39796882787938
                        ]
                    ]
                ],
                "type": "Polygon"
            }
        },
        {
            "type": "Feature",
            "geometry": {
                "coordinates": [
                    [
                        [
                            13.032337429847201,
                            52.39796000820092
                        ],
                        [
                            13.032410872532536,
                            52.39796123099511
                        ],
                        [
                            13.032412871487905,
                            52.397916305779674
                        ],
                        [
                            13.032339428877064,
                            52.39791508298745
                        ],
                        [
                            13.032337429847201,
                            52.39796000820092
                        ]
                    ]
                ],
                "type": "Polygon"
            }
        },
        {
            "type": "Feature",
            "geometry": {
                "coordinates": [
                    [
                        [
                            13.032423223046267,
                            52.39794794907326
                        ],
                        [
                            13.032496665715364,
                            52.39794917181399
                        ],
                        [
                            13.032498664582736,
                            52.39790424659615
                        ],
                        [
                            13.032425221988136,
                            52.3979030238574
                        ],
                        [
                            13.032423223046267,
                            52.39794794907326
                        ]
                    ]
                ],
                "type": "Polygon"
            }
        },
        {
            "type": "Feature",
            "geometry": {
                "coordinates": [
                    [
                        [
                            13.032485334653042,
                            52.39793954188287
                        ],
                        [
                            13.03255877731092,
                            52.39794076458487
                        ],
                        [
                            13.03256077611461,
                            52.3978958393653
                        ],
                        [
                            13.032487333531229,
                            52.397894616665276
                        ],
                        [
                            13.032485334653042,
                            52.39793954188287
                        ]
                    ]
                ],
                "type": "Polygon"
            }
        },
        {
            "type": "Feature",
            "geometry": {
                "coordinates": [
                    [
                        [
                            13.032099980705484,
                            52.397928180176464
                        ],
                        [
                            13.032173423327514,
                            52.39792940311765
                        ],
                        [
                            13.032175422521728,
                            52.397884477908384
                        ],
                        [
                            13.032101979974197,
                            52.397883254969166
                        ],
                        [
                            13.032099980705484,
                            52.397928180176464
                        ]
                    ]
                ],
                "type": "Polygon"
            }
        },
        {
            "type": "Feature",
            "geometry": {
                "coordinates": [
                    [
                        [
                            13.032169871148312,
                            52.39792664645914
                        ],
                        [
                            13.032243313770875,
                            52.3979278693569
                        ],
                        [
                            13.032245312894002,
                            52.39788294414573
                        ],
                        [
                            13.032171870345936,
                            52.397881721249945
                        ],
                        [
                            13.032169871148312,
                            52.39792664645914
                        ]
                    ]
                ],
                "type": "Polygon"
            }
        },
        {
            "type": "Feature",
            "geometry": {
                "coordinates": [
                    [
                        [
                            13.032645050108636,
                            52.39791792324231
                        ],
                        [
                            13.032718492737661,
                            52.397919145844725
                        ],
                        [
                            13.032720491377598,
                            52.39787422062067
                        ],
                        [
                            13.032647048823069,
                            52.39787299802022
                        ],
                        [
                            13.032645050108636,
                            52.39791792324231
                        ]
                    ]
                ],
                "type": "Polygon"
            }
        },
        {
            "type": "Feature",
            "geometry": {
                "coordinates": [
                    [
                        [
                            13.032838549008908,
                            52.39789686674121
                        ],
                        [
                            13.032911991611503,
                            52.397898089223084
                        ],
                        [
                            13.032913990053416,
                            52.39785316399366
                        ],
                        [
                            13.032840547525318,
                            52.39785194151375
                        ],
                        [
                            13.032838549008908,
                            52.39789686674121
                        ]
                    ]
                ],
                "type": "Polygon"
            }
        },
        {
            "type": "Feature",
            "geometry": {
                "coordinates": [
                    [
                        [
                            13.032932000973284,
                            52.3978943760147
                        ],
                        [
                            13.033005443575862,
                            52.397895598438474
                        ],
                        [
                            13.03300744192269,
                            52.39785067320651
                        ],
                        [
                            13.03293399939461,
                            52.3978494507847
                        ],
                        [
                            13.032932000973284,
                            52.3978943760147
                        ]
                    ]
                ],
                "type": "Polygon"
            }
        },
        {
            "type": "Feature",
            "geometry": {
                "coordinates": [
                    [
                        [
                            13.033015031081376,
                            52.397894858845575
                        ],
                        [
                            13.033088473688416,
                            52.39789608121779
                        ],
                        [
                            13.033090471950958,
                            52.397851155983595
                        ],
                        [
                            13.033017029418415,
                            52.397849933613344
                        ],
                        [
                            13.033015031081376,
                            52.397894858845575
                        ]
                    ]
                ],
                "type": "Polygon"
            }
        },
        {
            "type": "Feature",
            "geometry": {
                "coordinates": [
                    [
                        [
                            13.035897936716387,
                            52.397936513178855
                        ],
                        [
                            13.03597137951951,
                            52.39793773376084
                        ],
                        [
                            13.035973374857338,
                            52.39789280844931
                        ],
                        [
                            13.035899932128709,
                            52.39789158786929
                        ],
                        [
                            13.035897936716387,
                            52.397936513178855
                        ]
                    ]
                ],
                "type": "Polygon"
            }
        },
        {
            "type": "Feature",
            "geometry": {
                "coordinates": [
                    [
                        [
                            13.033341715699269,
                            52.39788680825769
                        ],
                        [
                            13.033415158307333,
                            52.39788803042683
                        ],
                        [
                            13.033417156237535,
                            52.39784310518375
                        ],
                        [
                            13.033343713703967,
                            52.39784188301658
                        ],
                        [
                            13.033341715699269,
                            52.39788680825769
                        ]
                    ]
                ],
                "type": "Polygon"
            }
        },
        {
            "type": "Feature",
            "geometry": {
                "coordinates": [
                    [
                        [
                            13.035824972835833,
                            52.39792451047748
                        ],
                        [
                            13.035898415615822,
                            52.39792573110459
                        ],
                        [
                            13.035900411026883,
                            52.39788080579495
                        ],
                        [
                            13.035826968321391,
                            52.3978795851698
                        ],
                        [
                            13.035824972835833,
                            52.39792451047748
                        ]
                    ]
                ],
                "type": "Polygon"
            }
        },
        {
            "type": "Feature",
            "geometry": {
                "coordinates": [
                    [
                        [
                            13.032464396763846,
                            52.39786501177302
                        ],
                        [
                            13.032537839297065,
                            52.397866234486806
                        ],
                        [
                            13.03253983811665,
                            52.39782130926724
                        ],
                        [
                            13.032466395657927,
                            52.39782008655541
                        ],
                        [
                            13.032464396763846,
                            52.39786501177302
                        ]
                    ]
                ],
                "type": "Polygon"
            }
        },
        {
            "type": "Feature",
            "geometry": {
                "coordinates": [
                    [
                        [
                            13.032540202478726,
                            52.39786267714997
                        ],
                        [
                            13.032613645011413,
                            52.39786389981663
                        ],
                        [
                            13.032615643753845,
                            52.39781897459498
                        ],
                        [
                            13.032542201295655,
                            52.397817751930305
                        ],
                        [
                            13.032540202478726,
                            52.39786267714997
                        ]
                    ]
                ],
                "type": "Polygon"
            }
        },
        {
            "type": "Feature",
            "geometry": {
                "coordinates": [
                    [
                        [
                            13.033568398415515,
                            52.39787979033327
                        ],
                        [
                            13.033641841021915,
                            52.39788101236149
                        ],
                        [
                            13.033643838721405,
                            52.39783608711226
                        ],
                        [
                            13.0335703961895,
                            52.397834865086026
                        ],
                        [
                            13.033568398415515,
                            52.39787979033327
                        ]
                    ]
                ],
                "type": "Polygon"
            }
        },
        {
            "type": "Feature",
            "geometry": {
                "coordinates": [
                    [
                        [
                            13.033655914978993,
                            52.39787854902672
                        ],
                        [
                            13.033729357587188,
                            52.39787977100055
                        ],
                        [
                            13.033731355197714,
                            52.397834845748946
                        ],
                        [
                            13.033657912664014,
                            52.397833623777096
                        ],
                        [
                            13.033655914978993,
                            52.39787854902672
                        ]
                    ]
                ],
                "type": "Polygon"
            }
        },
        {
            "type": "Feature",
            "geometry": {
                "coordinates": [
                    [
                        [
                            13.035767431974499,
                            52.397912764076366
                        ],
                        [
                            13.035840874732454,
                            52.39791398473904
                        ],
                        [
                            13.035842870201106,
                            52.39786905943084
                        ],
                        [
                            13.035769427517648,
                            52.397867838770146
                        ],
                        [
                            13.035767431974499,
                            52.397912764076366
                        ]
                    ]
                ],
                "type": "Polygon"
            }
        },
        {
            "type": "Feature",
            "geometry": {
                "coordinates": [
                    [
                        [
                            13.032687527256762,
                            52.39785523888852
                        ],
                        [
                            13.03276096978359,
                            52.39785646146354
                        ],
                        [
                            13.032762968375874,
                            52.39781153623787
                        ],
                        [
                            13.032689525923539,
                            52.39781031366482
                        ],
                        [
                            13.032687527256762,
                            52.39785523888852
                        ]
                    ]
                ],
                "type": "Polygon"
            }
        },
        {
            "type": "Feature",
            "geometry": {
                "coordinates": [
                    [
                        [
                            13.034272602376696,
                            52.397860934092236
                        ],
                        [
                            13.034346044982804,
                            52.39786215568268
                        ],
                        [
                            13.034348041965789,
                            52.39781723041433
                        ],
                        [
                            13.034274599434175,
                            52.39781600882587
                        ],
                        [
                            13.034272602376696,
                            52.397860934092236
                        ]
                    ]
                ],
                "type": "Polygon"
            }
        },
        {
            "type": "Feature",
            "geometry": {
                "coordinates": [
                    [
                        [
                            13.034349816962335,
                            52.3978599704976
                        ],
                        [
                            13.034423259570245,
                            52.39786119204006
                        ],
                        [
                            13.034425256474746,
                            52.397816266769624
                        ],
                        [
                            13.034351813941333,
                            52.39781504522913
                        ],
                        [
                            13.034349816962335,
                            52.3978599704976
                        ]
                    ]
                ],
                "type": "Polygon"
            }
        },
        {
            "type": "Feature",
            "geometry": {
                "coordinates": [
                    [
                        [
                            13.032115180838165,
                            52.39781783537963
                        ],
                        [
                            13.032188623277671,
                            52.39781905830959
                        ],
                        [
                            13.0321906224485,
                            52.39777413309905
                        ],
                        [
                            13.032117180083487,
                            52.39777291017106
                        ],
                        [
                            13.032115180838165,
                            52.39781783537963
                        ]
                    ]
                ],
                "type": "Polygon"
            }
        },
        {
            "type": "Feature",
            "geometry": {
                "coordinates": [
                    [
                        [
                            13.035906346305621,
                            52.39787955568369
                        ],
                        [
                            13.035979789014558,
                            52.39788077625951
                        ],
                        [
                            13.035981784339748,
                            52.39783585094734
                        ],
                        [
                            13.035908341705309,
                            52.39783463037346
                        ],
                        [
                            13.035906346305621,
                            52.39787955568369
                        ]
                    ]
                ],
                "type": "Polygon"
            }
        },
        {
            "type": "Feature",
            "geometry": {
                "coordinates": [
                    [
                        [
                            13.035517359489631,
                            52.39786724558142
                        ],
                        [
                            13.035590802161014,
                            52.39786846639871
                        ],
                        [
                            13.035592797880351,
                            52.39782354109689
                        ],
                        [
                            13.035519355283464,
                            52.39782232028159
                        ],
                        [
                            13.035517359489631,
                            52.39786724558142
                        ]
                    ]
                ],
                "type": "Polygon"
            }
        },
        {
            "type": "Feature",
            "geometry": {
                "coordinates": [
                    [
                        [
                            13.032081877145343,
                            52.397806490766726
                        ],
                        [
                            13.032155319564547,
                            52.397807713717185
                        ],
                        [
                            13.032157318768379,
                            52.39776278850747
                        ],
                        [
                            13.03208387642367,
                            52.39776156555897
                        ],
                        [
                            13.032081877145343,
                            52.397806490766726
                        ]
                    ]
                ],
                "type": "Polygon"
            }
        },
        {
            "type": "Feature",
            "geometry": {
                "coordinates": [
                    [
                        [
                            13.032000635977056,
                            52.39779884370955
                        ],
                        [
                            13.032074078379981,
                            52.39780006671036
                        ],
                        [
                            13.032076077665765,
                            52.39775514150278
                        ],
                        [
                            13.032002635337333,
                            52.39775391850394
                        ],
                        [
                            13.032000635977056,
                            52.39779884370955
                        ]
                    ]
                ],
                "type": "Polygon"
            }
        },
        {
            "type": "Feature",
            "geometry": {
                "coordinates": [
                    [
                        [
                            13.035434968041255,
                            52.39785238841376
                        ],
                        [
                            13.035508410684345,
                            52.39785360928199
                        ],
                        [
                            13.035510406486285,
                            52.397808683982284
                        ],
                        [
                            13.035436963917691,
                            52.397807463116024
                        ],
                        [
                            13.035434968041255,
                            52.39785238841376
                        ]
                    ]
                ],
                "type": "Polygon"
            }
        },
        {
            "type": "Feature",
            "geometry": {
                "coordinates": [
                    [
                        [
                            13.034127554610409,
                            52.39781715953312
                        ],
                        [
                            13.034200997137459,
                            52.39781838121295
                        ],
                        [
                            13.034202994264595,
                            52.39777345594818
                        ],
                        [
                            13.03412955181204,
                            52.39777223427032
                        ],
                        [
                            13.034127554610409,
                            52.39781715953312
                        ]
                    ]
                ],
                "type": "Polygon"
            }
        },
        {
            "type": "Feature",
            "geometry": {
                "coordinates": [
                    [
                        [
                            13.03525269470194,
                            52.397835870665915
                        ],
                        [
                            13.035326137309587,
                            52.397837091647105
                        ],
                        [
                            13.035328133295446,
                            52.39779216635218
                        ],
                        [
                            13.035254690762295,
                            52.39779094537297
                        ],
                        [
                            13.03525269470194,
                            52.397835870665915
                        ]
                    ]
                ],
                "type": "Polygon"
            }
        },
        {
            "type": "Feature",
            "geometry": {
                "coordinates": [
                    [
                        [
                            13.034196690442393,
                            52.39781606165022
                        ],
                        [
                            13.034270132970665,
                            52.39781728328709
                        ],
                        [
                            13.03427213002751,
                            52.39777235802047
                        ],
                        [
                            13.034198687573735,
                            52.39777113638554
                        ],
                        [
                            13.034196690442393,
                            52.39781606165022
                        ]
                    ]
                ],
                "type": "Polygon"
            }
        },
        {
            "type": "Feature",
            "geometry": {
                "coordinates": [
                    [
                        [
                            13.035663398597862,
                            52.397839101341425
                        ],
                        [
                            13.035736841228948,
                            52.39784032206752
                        ],
                        [
                            13.03573883679795,
                            52.397795396761566
                        ],
                        [
                            13.035665394241363,
                            52.39779417603742
                        ],
                        [
                            13.035663398597862,
                            52.397839101341425
                        ]
                    ]
                ],
                "type": "Polygon"
            }
        },
        {
            "type": "Feature",
            "geometry": {
                "coordinates": [
                    [
                        [
                            13.034284246815238,
                            52.3978139213716
                        ],
                        [
                            13.034357689343812,
                            52.39781514295404
                        ],
                        [
                            13.034359686311587,
                            52.397770217685036
                        ],
                        [
                            13.03428624385751,
                            52.39776899610456
                        ],
                        [
                            13.034284246815238,
                            52.3978139213716
                        ]
                    ]
                ],
                "type": "Polygon"
            }
        },
        {
            "type": "Feature",
            "geometry": {
                "coordinates": [
                    [
                        [
                            13.034351933759906,
                            52.39781234971301
                        ],
                        [
                            13.03442537628885,
                            52.39781357125338
                        ],
                        [
                            13.034427373187773,
                            52.39776864598253
                        ],
                        [
                            13.034353930733324,
                            52.397767424444126
                        ],
                        [
                            13.034351933759906,
                            52.39781234971301
                        ]
                    ]
                ],
                "type": "Polygon"
            }
        },
        {
            "type": "Feature",
            "geometry": {
                "coordinates": [
                    [
                        [
                            13.033236502240971,
                            52.39779019488809
                        ],
                        [
                            13.033309944684007,
                            52.39779141712101
                        ],
                        [
                            13.0333119427141,
                            52.397746491880056
                        ],
                        [
                            13.03323850034556,
                            52.397745269649086
                        ],
                        [
                            13.033236502240971,
                            52.39779019488809
                        ]
                    ]
                ],
                "type": "Polygon"
            }
        },
        {
            "type": "Feature",
            "geometry": {
                "coordinates": [
                    [
                        [
                            13.035583150556132,
                            52.39782562865857
                        ],
                        [
                            13.035656593161319,
                            52.39782684943432
                        ],
                        [
                            13.035658588810849,
                            52.397781924130406
                        ],
                        [
                            13.035585146280157,
                            52.39778070335664
                        ],
                        [
                            13.035583150556132,
                            52.39782562865857
                        ]
                    ]
                ],
                "type": "Polygon"
            }
        },
        {
            "type": "Feature",
            "geometry": {
                "coordinates": [
                    [
                        [
                            13.03459251016278,
                            52.39780690967299
                        ],
                        [
                            13.034665952693285,
                            52.397808131063826
                        ],
                        [
                            13.034667949347503,
                            52.39776320578645
                        ],
                        [
                            13.034594506891494,
                            52.39776198439758
                        ],
                        [
                            13.03459251016278,
                            52.39780690967299
                        ]
                    ]
                ],
                "type": "Polygon"
            }
        },
        {
            "type": "Feature",
            "geometry": {
                "coordinates": [
                    [
                        [
                            13.035462948234732,
                            52.39780160088258
                        ],
                        [
                            13.035536390794737,
                            52.39780282173261
                        ],
                        [
                            13.035538386564609,
                            52.39775789643176
                        ],
                        [
                            13.0354649440791,
                            52.39775667558371
                        ],
                        [
                            13.035462948234732,
                            52.39780160088258
                        ]
                    ]
                ],
                "type": "Polygon"
            }
        },
        {
            "type": "Feature",
            "geometry": {
                "coordinates": [
                    [
                        [
                            13.033982507134866,
                            52.39777338479849
                        ],
                        [
                            13.034055949582854,
                            52.39777460656773
                        ],
                        [
                            13.03405794685414,
                            52.39772968130652
                        ],
                        [
                            13.033984504480648,
                            52.39772845953926
                        ],
                        [
                            13.033982507134866,
                            52.39777338479849
                        ]
                    ]
                ],
                "type": "Polygon"
            }
        },
        {
            "type": "Feature",
            "geometry": {
                "coordinates": [
                    [
                        [
                            13.03389894254523,
                            52.39776839790539
                        ],
                        [
                            13.033972384981258,
                            52.397769619726446
                        ],
                        [
                            13.033974382337046,
                            52.39772469446748
                        ],
                        [
                            13.033900939975513,
                            52.39772347264838
                        ],
                        [
                            13.03389894254523,
                            52.39776839790539
                        ]
                    ]
                ],
                "type": "Polygon"
            }
        },
        {
            "type": "Feature",
            "geometry": {
                "coordinates": [
                    [
                        [
                            13.035872881396191,
                            52.39778908255361
                        ],
                        [
                            13.035946323953453,
                            52.39779030314878
                        ],
                        [
                            13.03594831930612,
                            52.3977453778368
                        ],
                        [
                            13.035874876823353,
                            52.3977441572436
                        ],
                        [
                            13.035872881396191,
                            52.39778908255361
                        ]
                    ]
                ],
                "type": "Polygon"
            }
        },
        {
            "type": "Feature",
            "geometry": {
                "coordinates": [
                    [
                        [
                            13.03510048559589,
                            52.39777129734732
                        ],
                        [
                            13.035173928089636,
                            52.397772518422016
                        ],
                        [
                            13.035175924225419,
                            52.3977275931307
                        ],
                        [
                            13.035102481806172,
                            52.39772637205797
                        ],
                        [
                            13.03510048559589,
                            52.39777129734732
                        ]
                    ]
                ],
                "type": "Polygon"
            }
        },
        {
            "type": "Feature",
            "geometry": {
                "coordinates": [
                    [
                        [
                            13.035180442251477,
                            52.3977582400128
                        ],
                        [
                            13.035253884727064,
                            52.39775946103762
                        ],
                        [
                            13.035255880780712,
                            52.39771453574404
                        ],
                        [
                            13.03518243837962,
                            52.397713314721194
                        ],
                        [
                            13.035180442251477,
                            52.3977582400128
                        ]
                    ]
                ],
                "type": "Polygon"
            }
        },
        {
            "type": "Feature",
            "geometry": {
                "coordinates": [
                    [
                        [
                            13.033987896971626,
                            52.39773481016503
                        ],
                        [
                            13.03406133935581,
                            52.39773603193029
                        ],
                        [
                            13.034063336618845,
                            52.39769110666866
                        ],
                        [
                            13.033989894309157,
                            52.39768988490537
                        ],
                        [
                            13.033987896971626,
                            52.39773481016503
                        ]
                    ]
                ],
                "type": "Polygon"
            }
        },
        {
            "type": "Feature",
            "geometry": {
                "coordinates": [
                    [
                        [
                            13.035518437345752,
                            52.397760262325306
                        ],
                        [
                            13.035591879839574,
                            52.39776148314019
                        ],
                        [
                            13.035593875550118,
                            52.39771655783753
                        ],
                        [
                            13.035520433130795,
                            52.39771533702463
                        ],
                        [
                            13.035518437345752,
                            52.397760262325306
                        ]
                    ]
                ],
                "type": "Polygon"
            }
        },
        {
            "type": "Feature",
            "geometry": {
                "coordinates": [
                    [
                        [
                            13.035406964437275,
                            52.39775481257556
                        ],
                        [
                            13.035480406917141,
                            52.3977560334596
                        ],
                        [
                            13.0354824027405,
                            52.3977111081599
                        ],
                        [
                            13.035408960335129,
                            52.39770988727783
                        ],
                        [
                            13.035406964437275,
                            52.39775481257556
                        ]
                    ]
                ],
                "type": "Polygon"
            }
        },
        {
            "type": "Feature",
            "geometry": {
                "coordinates": [
                    [
                        [
                            13.035582076863633,
                            52.39775053015632
                        ],
                        [
                            13.035655519344095,
                            52.39775175093151
                        ],
                        [
                            13.035657514989314,
                            52.39770682562707
                        ],
                        [
                            13.035584072583346,
                            52.39770560485385
                        ],
                        [
                            13.035582076863633,
                            52.39775053015632
                        ]
                    ]
                ],
                "type": "Polygon"
            }
        },
        {
            "type": "Feature",
            "geometry": {
                "coordinates": [
                    [
                        [
                            13.035302540502073,
                            52.39773958904371
                        ],
                        [
                            13.03537598295207,
                            52.39774080999238
                        ],
                        [
                            13.03537797888038,
                            52.397695884695366
                        ],
                        [
                            13.03530453650488,
                            52.39769466374868
                        ],
                        [
                            13.035302540502073,
                            52.39773958904371
                        ]
                    ]
                ],
                "type": "Polygon"
            }
        },
        {
            "type": "Feature",
            "geometry": {
                "coordinates": [
                    [
                        [
                            13.03588206143801,
                            52.39774787332981
                        ],
                        [
                            13.035955503927262,
                            52.3977490939186
                        ],
                        [
                            13.035957499267644,
                            52.39770416860606
                        ],
                        [
                            13.035884056852888,
                            52.39770294801924
                        ],
                        [
                            13.03588206143801,
                            52.39774787332981
                        ]
                    ]
                ],
                "type": "Polygon"
            }
        },
        {
            "type": "Feature",
            "geometry": {
                "coordinates": [
                    [
                        [
                            13.035364671267018,
                            52.39773073107841
                        ],
                        [
                            13.035438113705043,
                            52.39773195198833
                        ],
                        [
                            13.035440109569619,
                            52.397687026689596
                        ],
                        [
                            13.035366667206091,
                            52.397685805781634
                        ],
                        [
                            13.035364671267018,
                            52.39773073107841
                        ]
                    ]
                ],
                "type": "Polygon"
            }
        },
        {
            "type": "Feature",
            "geometry": {
                "coordinates": [
                    [
                        [
                            13.035658441050671,
                            52.397735614444485
                        ],
                        [
                            13.035731883509731,
                            52.39773683517201
                        ],
                        [
                            13.035733879076325,
                            52.39769190986538
                        ],
                        [
                            13.035660436691762,
                            52.39769068913984
                        ],
                        [
                            13.035658441050671,
                            52.397735614444485
                        ]
                    ]
                ],
                "type": "Polygon"
            }
        },
        {
            "type": "Feature",
            "geometry": {
                "coordinates": [
                    [
                        [
                            13.033991877871745,
                            52.39769486333752
                        ],
                        [
                            13.034065320189788,
                            52.39769608509965
                        ],
                        [
                            13.034067317445905,
                            52.397651159837615
                        ],
                        [
                            13.033993875202357,
                            52.39764993807744
                        ],
                        [
                            13.033991877871745,
                            52.39769486333752
                        ]
                    ]
                ],
                "type": "Polygon"
            }
        },
        {
            "type": "Feature",
            "geometry": {
                "coordinates": [
                    [
                        [
                            13.0348409911778,
                            52.397706288607395
                        ],
                        [
                            13.034914433552197,
                            52.39770750984225
                        ],
                        [
                            13.034916429946831,
                            52.397662584557416
                        ],
                        [
                            13.03484298764693,
                            52.39766136332455
                        ],
                        [
                            13.0348409911778,
                            52.397706288607395
                        ]
                    ]
                ],
                "type": "Polygon"
            }
        },
        {
            "type": "Feature",
            "geometry": {
                "coordinates": [
                    [
                        [
                            13.033906829230785,
                            52.397673666704556
                        ],
                        [
                            13.033980271509892,
                            52.39767488851919
                        ],
                        [
                            13.03398226885085,
                            52.39762996325927
                        ],
                        [
                            13.03390882664624,
                            52.39762874144662
                        ],
                        [
                            13.033906829230785,
                            52.397673666704556
                        ]
                    ]
                ],
                "type": "Polygon"
            }
        },
        {
            "type": "Feature",
            "geometry": {
                "coordinates": [
                    [
                        [
                            13.035558647146491,
                            52.39769888803017
                        ],
                        [
                            13.035632089540188,
                            52.39770010881908
                        ],
                        [
                            13.035634085205484,
                            52.39765518351488
                        ],
                        [
                            13.035560642886283,
                            52.39765396272793
                        ],
                        [
                            13.035558647146491,
                            52.39769888803017
                        ]
                    ]
                ],
                "type": "Polygon"
            }
        },
        {
            "type": "Feature",
            "geometry": {
                "coordinates": [
                    [
                        [
                            13.035638443890631,
                            52.397689424407204
                        ],
                        [
                            13.035711886272129,
                            52.39769064514639
                        ],
                        [
                            13.035713881855708,
                            52.397645719839964
                        ],
                        [
                            13.035640439548708,
                            52.397644499102746
                        ],
                        [
                            13.035638443890631,
                            52.397689424407204
                        ]
                    ]
                ],
                "type": "Polygon"
            }
        },
        {
            "type": "Feature",
            "geometry": {
                "coordinates": [
                    [
                        [
                            13.035950633908628,
                            52.39769326447442
                        ],
                        [
                            13.03602113861407,
                            52.3976944361988
                        ],
                        [
                            13.036023133883866,
                            52.397649510884065
                        ],
                        [
                            13.03595262924994,
                            52.39764833916158
                        ],
                        [
                            13.035950633908628,
                            52.39769326447442
                        ]
                    ]
                ],
                "type": "Polygon"
            }
        },
        {
            "type": "Feature",
            "geometry": {
                "coordinates": [
                    [
                        [
                            13.035712484947753,
                            52.397677167554505
                        ],
                        [
                            13.03578592731216,
                            52.3976783882475
                        ],
                        [
                            13.035787922819667,
                            52.397633462938984
                        ],
                        [
                            13.035714480529757,
                            52.397632242247965
                        ],
                        [
                            13.035712484947753,
                            52.397677167554505
                        ]
                    ]
                ],
                "type": "Polygon"
            }
        },
        {
            "type": "Feature",
            "geometry": {
                "coordinates": [
                    [
                        [
                            13.031955500508218,
                            52.397607468021754
                        ],
                        [
                            13.03202894259144,
                            52.397608691047495
                        ],
                        [
                            13.032030941909268,
                            52.39756376583966
                        ],
                        [
                            13.03195749990054,
                            52.397562542815876
                        ],
                        [
                            13.031955500508218,
                            52.397607468021754
                        ]
                    ]
                ],
                "type": "Polygon"
            }
        },
        {
            "type": "Feature",
            "geometry": {
                "coordinates": [
                    [
                        [
                            13.034000249911989,
                            52.397638804504815
                        ],
                        [
                            13.034073692137332,
                            52.397640026260845
                        ],
                        [
                            13.03407568938091,
                            52.39759510099814
                        ],
                        [
                            13.03400224723006,
                            52.39759387924408
                        ],
                        [
                            13.034000249911989,
                            52.397638804504815
                        ]
                    ]
                ],
                "type": "Polygon"
            }
        },
        {
            "type": "Feature",
            "geometry": {
                "coordinates": [
                    [
                        [
                            13.034000143831495,
                            52.397591596327715
                        ],
                        [
                            13.03407358597846,
                            52.39759281808304
                        ],
                        [
                            13.034075583218748,
                            52.39754789281998
                        ],
                        [
                            13.034002141146276,
                            52.39754667106662
                        ],
                        [
                            13.034000143831495,
                            52.397591596327715
                        ]
                    ]
                ],
                "type": "Polygon"
            }
        },
        {
            "type": "Feature",
            "geometry": {
                "coordinates": [
                    [
                        [
                            13.033917593639979,
                            52.3975803321324
                        ],
                        [
                            13.03399103576461,
                            52.39758155393883
                        ],
                        [
                            13.033993033087919,
                            52.39753662867789
                        ],
                        [
                            13.033919591037783,
                            52.39753540687343
                        ],
                        [
                            13.033917593639979,
                            52.3975803321324
                        ]
                    ]
                ],
                "type": "Polygon"
            }
        },
        {
            "type": "Feature",
            "geometry": {
                "coordinates": [
                    [
                        [
                            13.033272187173669,
                            52.397533176601435
                        ],
                        [
                            13.033345629191585,
                            52.39753439880803
                        ],
                        [
                            13.033347627166926,
                            52.39748947356414
                        ],
                        [
                            13.033274185223506,
                            52.397488251359526
                        ],
                        [
                            13.033272187173669,
                            52.397533176601435
                        ]
                    ]
                ],
                "type": "Polygon"
            }
        },
        {
            "type": "Feature",
            "geometry": {
                "coordinates": [
                    [
                        [
                            13.033375105897626,
                            52.39753264141569
                        ],
                        [
                            13.033448547919189,
                            52.39753386355834
                        ],
                        [
                            13.033450545789973,
                            52.39748893831167
                        ],
                        [
                            13.033377103842907,
                            52.397487716170986
                        ],
                        [
                            13.033375105897626,
                            52.39753264141569
                        ]
                    ]
                ],
                "type": "Polygon"
            }
        },
        {
            "type": "Feature",
            "geometry": {
                "coordinates": [
                    [
                        [
                            13.033339179248514,
                            52.397530694791826
                        ],
                        [
                            13.033412621265262,
                            52.397531916956765
                        ],
                        [
                            13.03341461917239,
                            52.397486991711055
                        ],
                        [
                            13.03334117723014,
                            52.39748576954809
                        ],
                        [
                            13.033339179248514,
                            52.397530694791826
                        ]
                    ]
                ],
                "type": "Polygon"
            }
        },
        {
            "type": "Feature",
            "geometry": {
                "coordinates": [
                    [
                        [
                            13.035816980019352,
                            52.397558415649705
                        ],
                        [
                            13.035890422191207,
                            52.39755963627587
                        ],
                        [
                            13.035892417584053,
                            52.39751471096363
                        ],
                        [
                            13.035818975486691,
                            52.397513490339435
                        ],
                        [
                            13.035816980019352,
                            52.397558415649705
                        ]
                    ]
                ],
                "type": "Polygon"
            }
        },
        {
            "type": "Feature",
            "geometry": {
                "coordinates": [
                    [
                        [
                            13.033276938219993,
                            52.39750897808221
                        ],
                        [
                            13.033350380197946,
                            52.39751020028546
                        ],
                        [
                            13.033352378166722,
                            52.397465275041256
                        ],
                        [
                            13.033278936263264,
                            52.39746405283997
                        ],
                        [
                            13.033276938219993,
                            52.39750897808221
                        ]
                    ]
                ],
                "type": "Polygon"
            }
        },
        {
            "type": "Feature",
            "geometry": {
                "coordinates": [
                    [
                        [
                            13.034008165487972,
                            52.397510354911226
                        ],
                        [
                            13.034081607500418,
                            52.397511576660264
                        ],
                        [
                            13.03408360472671,
                            52.397466651396385
                        ],
                        [
                            13.034010162788759,
                            52.39746542964931
                        ],
                        [
                            13.034008165487972,
                            52.397510354911226
                        ]
                    ]
                ],
                "type": "Polygon"
            }
        },
        {
            "type": "Feature",
            "geometry": {
                "coordinates": [
                    [
                        [
                            13.033370908815524,
                            52.39749480643691
                        ],
                        [
                            13.03344435077409,
                            52.39749602858156
                        ],
                        [
                            13.033446348646414,
                            52.39745110333471
                        ],
                        [
                            13.033372906762345,
                            52.39744988119204
                        ],
                        [
                            13.033370908815524,
                            52.39749480643691
                        ]
                    ]
                ],
                "type": "Polygon"
            }
        },
        {
            "type": "Feature",
            "geometry": {
                "coordinates": [
                    [
                        [
                            13.033927184154376,
                            52.397496868896326
                        ],
                        [
                            13.034000626140868,
                            52.39749809069545
                        ],
                        [
                            13.034002623448428,
                            52.39745316543363
                        ],
                        [
                            13.03392918153643,
                            52.39745194363648
                        ],
                        [
                            13.033927184154376,
                            52.397496868896326
                        ]
                    ]
                ],
                "type": "Polygon"
            }
        }
    ],
    "type": "FeatureCollection",
    "crs": {
        "type": "name",
        "properties": {
            "name": "epsg:4326"
        }
    }
}