{
    "features": [
        {
            "type": "Feature",
            "geometry": {
                "coordinates": [
                    [
                        [
                            13.044500254242386,
                            52.411059998446376
                        ],
                        [
                            13.044573719219164,
                            52.411061213896076
                        ],
                        [
                            13.044575706760973,
                            52.41101628845383
                        ],
                        [
                            13.04450224185875,
                            52.41101507300608
                        ],
                        [
                            13.044500254242386,
                            52.411059998446376
                        ]
                    ]
                ],
                "type": "Polygon"
            }
        },
        {
            "type": "Feature",
            "geometry": {
                "coordinates": [
                    [
                        [
                            13.044472637258506,
                            52.41101952861257
                        ],
                        [
                            13.044546102166832,
                            52.41102074407879
                        ],
                        [
                            13.044548089733802,
                            52.41097581863697
                        ],
                        [
                            13.04447462490003,
                            52.41097460317271
                        ],
                        [
                            13.044472637258506,
                            52.41101952861257
                        ]
                    ]
                ],
                "type": "Polygon"
            }
        },
        {
            "type": "Feature",
            "geometry": {
                "coordinates": [
                    [
                        [
                            13.04442490893191,
                            52.410935116443156
                        ],
                        [
                            13.044498373697898,
                            52.41093633193766
                        ],
                        [
                            13.044500361307312,
                            52.410891406496496
                        ],
                        [
                            13.04442689661588,
                            52.41089019100394
                        ],
                        [
                            13.04442490893191,
                            52.410935116443156
                        ]
                    ]
                ],
                "type": "Polygon"
            }
        },
        {
            "type": "Feature",
            "geometry": {
                "coordinates": [
                    [
                        [
                            13.044364652043564,
                            52.410851396120485
                        ],
                        [
                            13.044438116667813,
                            52.41085261165109
                        ],
                        [
                            13.044440104332452,
                            52.410807686210894
                        ],
                        [
                            13.044366639782757,
                            52.410806470682246
                        ],
                        [
                            13.044364652043564,
                            52.410851396120485
                        ]
                    ]
                ],
                "type": "Polygon"
            }
        },
        {
            "type": "Feature",
            "geometry": {
                "coordinates": [
                    [
                        [
                            13.044325261936379,
                            52.41079454645116
                        ],
                        [
                            13.044398726464447,
                            52.41079576200532
                        ],
                        [
                            13.044400714165032,
                            52.41075083656573
                        ],
                        [
                            13.044327249711518,
                            52.410749621013544
                        ],
                        [
                            13.044325261936379,
                            52.41079454645116
                        ]
                    ]
                ],
                "type": "Polygon"
            }
        },
        {
            "type": "Feature",
            "geometry": {
                "coordinates": [
                    [
                        [
                            13.044300107621046,
                            52.41074827273891
                        ],
                        [
                            13.044373572071132,
                            52.41074948830795
                        ],
                        [
                            13.04437555979396,
                            52.41070456286869
                        ],
                        [
                            13.044302095418429,
                            52.410703347301606
                        ],
                        [
                            13.044300107621046,
                            52.41074827273891
                        ]
                    ]
                ],
                "type": "Polygon"
            }
        },
        {
            "type": "Feature",
            "geometry": {
                "coordinates": [
                    [
                        [
                            13.048234591926452,
                            52.41078633480781
                        ],
                        [
                            13.04830805661202,
                            52.41078754793289
                        ],
                        [
                            13.048310040340052,
                            52.41074262238859
                        ],
                        [
                            13.04823657572904,
                            52.41074140926548
                        ],
                        [
                            13.048234591926452,
                            52.41078633480781
                        ]
                    ]
                ],
                "type": "Polygon"
            }
        },
        {
            "type": "Feature",
            "geometry": {
                "coordinates": [
                    [
                        [
                            13.044272034660732,
                            52.41070150114281
                        ],
                        [
                            13.044345499031879,
                            52.41070271672855
                        ],
                        [
                            13.044347486779875,
                            52.41065779128968
                        ],
                        [
                            13.044274022483282,
                            52.41065657570589
                        ],
                        [
                            13.044272034660732,
                            52.41070150114281
                        ]
                    ]
                ],
                "type": "Polygon"
            }
        },
        {
            "type": "Feature",
            "geometry": {
                "coordinates": [
                    [
                        [
                            13.044267410696847,
                            52.41065646630113
                        ],
                        [
                            13.044319570346554,
                            52.410657329373215
                        ],
                        [
                            13.044321558117641,
                            52.41061240393469
                        ],
                        [
                            13.044269398520868,
                            52.410611540864
                        ],
                        [
                            13.044267410696847,
                            52.41065646630113
                        ]
                    ]
                ],
                "type": "Polygon"
            }
        },
        {
            "type": "Feature",
            "geometry": {
                "coordinates": [
                    [
                        [
                            13.0484421937202,
                            52.41066343000184
                        ],
                        [
                            13.048515658210647,
                            52.41066464299594
                        ],
                        [
                            13.048517641718965,
                            52.41061971744516
                        ],
                        [
                            13.048444177303072,
                            52.41061850445301
                        ],
                        [
                            13.0484421937202,
                            52.41066343000184
                        ]
                    ]
                ],
                "type": "Polygon"
            }
        },
        {
            "type": "Feature",
            "geometry": {
                "coordinates": [
                    [
                        [
                            13.047591330399966,
                            52.410403006287765
                        ],
                        [
                            13.04766479442052,
                            52.41040421980634
                        ],
                        [
                            13.0476667787747,
                            52.41035929427632
                        ],
                        [
                            13.047593314828699,
                            52.41035808075971
                        ],
                        [
                            13.047591330399966,
                            52.410403006287765
                        ]
                    ]
                ],
                "type": "Polygon"
            }
        },
        {
            "type": "Feature",
            "geometry": {
                "coordinates": [
                    [
                        [
                            13.048110870890374,
                            52.410158472097315
                        ],
                        [
                            13.048184334527383,
                            52.41015968528914
                        ],
                        [
                            13.048186318336217,
                            52.41011475974336
                        ],
                        [
                            13.04811285477376,
                            52.410113546553475
                        ],
                        [
                            13.048110870890374,
                            52.410158472097315
                        ]
                    ]
                ],
                "type": "Polygon"
            }
        },
        {
            "type": "Feature",
            "geometry": {
                "coordinates": [
                    [
                        [
                            13.045498667433291,
                            52.41006180357852
                        ],
                        [
                            13.045572130795371,
                            52.41006301839181
                        ],
                        [
                            13.04557411725128,
                            52.41001809291518
                        ],
                        [
                            13.045500653963751,
                            52.41001687810386
                        ],
                        [
                            13.045498667433291,
                            52.41006180357852
                        ]
                    ]
                ],
                "type": "Polygon"
            }
        },
        {
            "type": "Feature",
            "geometry": {
                "coordinates": [
                    [
                        [
                            13.045782336182063,
                            52.4100143425068
                        ],
                        [
                            13.045855799477714,
                            52.410015557143076
                        ],
                        [
                            13.045857785642017,
                            52.40997063165849
                        ],
                        [
                            13.045784322420914,
                            52.409969417024165
                        ],
                        [
                            13.045782336182063,
                            52.4100143425068
                        ]
                    ]
                ],
                "type": "Polygon"
            }
        },
        {
            "type": "Feature",
            "geometry": {
                "coordinates": [
                    [
                        [
                            13.045843094008518,
                            52.409903850433196
                        ],
                        [
                            13.045916557123261,
                            52.40990506502994
                        ],
                        [
                            13.045918543217923,
                            52.40986013954289
                        ],
                        [
                            13.04584508017773,
                            52.409858924948104
                        ],
                        [
                            13.045843094008518,
                            52.409903850433196
                        ]
                    ]
                ],
                "type": "Polygon"
            }
        },
        {
            "type": "Feature",
            "geometry": {
                "coordinates": [
                    [
                        [
                            13.045879587467748,
                            52.40989321421982
                        ],
                        [
                            13.04595305056642,
                            52.40989442879372
                        ],
                        [
                            13.045955036623242,
                            52.409849503305615
                        ],
                        [
                            13.045881573599122,
                            52.409848288733684
                        ],
                        [
                            13.045879587467748,
                            52.40989321421982
                        ]
                    ]
                ],
                "type": "Polygon"
            }
        },
        {
            "type": "Feature",
            "geometry": {
                "coordinates": [
                    [
                        [
                            13.045275066766116,
                            52.409848150377776
                        ],
                        [
                            13.045348529763446,
                            52.40984936532654
                        ],
                        [
                            13.045350516431228,
                            52.40980443985427
                        ],
                        [
                            13.045277053508448,
                            52.40980322490747
                        ],
                        [
                            13.045275066766116,
                            52.409848150377776
                        ]
                    ]
                ],
                "type": "Polygon"
            }
        },
        {
            "type": "Feature",
            "geometry": {
                "coordinates": [
                    [
                        [
                            13.046678607921624,
                            52.409845728332556
                        ],
                        [
                            13.046752070976384,
                            52.40984694240924
                        ],
                        [
                            13.046754056218012,
                            52.409802016899384
                        ],
                        [
                            13.046680593237804,
                            52.409800802824655
                        ],
                        [
                            13.046678607921624,
                            52.409845728332556
                        ]
                    ]
                ],
                "type": "Polygon"
            }
        },
        {
            "type": "Feature",
            "geometry": {
                "coordinates": [
                    [
                        [
                            13.046164426260052,
                            52.40983588075345
                        ],
                        [
                            13.046237889275943,
                            52.40983709514945
                        ],
                        [
                            13.046239875039268,
                            52.40979216965328
                        ],
                        [
                            13.046166412097929,
                            52.40979095525924
                        ],
                        [
                            13.046164426260052,
                            52.40983588075345
                        ]
                    ]
                ],
                "type": "Polygon"
            }
        },
        {
            "type": "Feature",
            "geometry": {
                "coordinates": [
                    [
                        [
                            13.046262410169916,
                            52.409814571743205
                        ],
                        [
                            13.046335873154694,
                            52.40981578607798
                        ],
                        [
                            13.046337858816946,
                            52.40977086057902
                        ],
                        [
                            13.046264395906718,
                            52.4097696462462
                        ],
                        [
                            13.046262410169916,
                            52.409814571743205
                        ]
                    ]
                ],
                "type": "Polygon"
            }
        },
        {
            "type": "Feature",
            "geometry": {
                "coordinates": [
                    [
                        [
                            13.047875142140096,
                            52.40983627409197
                        ],
                        [
                            13.0479486052315,
                            52.40983748742508
                        ],
                        [
                            13.04795058925679,
                            52.40979256188314
                        ],
                        [
                            13.047877126239936,
                            52.40979134855197
                        ],
                        [
                            13.047875142140096,
                            52.40983627409197
                        ]
                    ]
                ],
                "type": "Polygon"
            }
        },
        {
            "type": "Feature",
            "geometry": {
                "coordinates": [
                    [
                        [
                            13.0463385536032,
                            52.4098050403876
                        ],
                        [
                            13.046412016575475,
                            52.409806254674926
                        ],
                        [
                            13.046414002159683,
                            52.40976132917384
                        ],
                        [
                            13.046340539261958,
                            52.409760114888485
                        ],
                        [
                            13.0463385536032,
                            52.4098050403876
                        ]
                    ]
                ],
                "type": "Polygon"
            }
        },
        {
            "type": "Feature",
            "geometry": {
                "coordinates": [
                    [
                        [
                            13.046884701229342,
                            52.40980687337033
                        ],
                        [
                            13.046958164228567,
                            52.409808087318346
                        ],
                        [
                            13.046960149258027,
                            52.409763161802665
                        ],
                        [
                            13.046886686333352,
                            52.409761947856616
                        ],
                        [
                            13.046884701229342,
                            52.40980687337033
                        ]
                    ]
                ],
                "type": "Polygon"
            }
        },
        {
            "type": "Feature",
            "geometry": {
                "coordinates": [
                    [
                        [
                            13.047101257634578,
                            52.409764144685624
                        ],
                        [
                            13.047174720572293,
                            52.40976535849838
                        ],
                        [
                            13.047176705378678,
                            52.40972043297659
                        ],
                        [
                            13.047103242515515,
                            52.40971921916578
                        ],
                        [
                            13.047101257634578,
                            52.409764144685624
                        ]
                    ]
                ],
                "type": "Polygon"
            }
        },
        {
            "type": "Feature",
            "geometry": {
                "coordinates": [
                    [
                        [
                            13.046630638278618,
                            52.4097500734912
                        ],
                        [
                            13.046704101172361,
                            52.409751287596166
                        ],
                        [
                            13.04670608645588,
                            52.409706362086844
                        ],
                        [
                            13.046632623636688,
                            52.40970514798385
                        ],
                        [
                            13.046630638278618,
                            52.4097500734912
                        ]
                    ]
                ],
                "type": "Polygon"
            }
        },
        {
            "type": "Feature",
            "geometry": {
                "coordinates": [
                    [
                        [
                            13.047175415255124,
                            52.409749634565806
                        ],
                        [
                            13.047248878171976,
                            52.40975084833229
                        ],
                        [
                            13.047250862901981,
                            52.409705922808385
                        ],
                        [
                            13.047177400059677,
                            52.40970470904387
                        ],
                        [
                            13.047175415255124,
                            52.409749634565806
                        ]
                    ]
                ],
                "type": "Polygon"
            }
        },
        {
            "type": "Feature",
            "geometry": {
                "coordinates": [
                    [
                        [
                            13.045196764824297,
                            52.40965713120191
                        ],
                        [
                            13.045270227500849,
                            52.409658346196245
                        ],
                        [
                            13.045272214234503,
                            52.409613420724604
                        ],
                        [
                            13.045198751632503,
                            52.40961220573223
                        ],
                        [
                            13.045196764824297,
                            52.40965713120191
                        ]
                    ]
                ],
                "type": "Polygon"
            }
        },
        {
            "type": "Feature",
            "geometry": {
                "coordinates": [
                    [
                        [
                            13.046989295326371,
                            52.40968586552877
                        ],
                        [
                            13.047062758129137,
                            52.409687079409856
                        ],
                        [
                            13.047064743043673,
                            52.40964215389046
                        ],
                        [
                            13.046991280315456,
                            52.40964094001132
                        ],
                        [
                            13.046989295326371,
                            52.40968586552877
                        ]
                    ]
                ],
                "type": "Polygon"
            }
        },
        {
            "type": "Feature",
            "geometry": {
                "coordinates": [
                    [
                        [
                            13.0475695123032,
                            52.40968196415055
                        ],
                        [
                            13.047642975124873,
                            52.40968317767107
                        ],
                        [
                            13.047644959449638,
                            52.40963825213611
                        ],
                        [
                            13.047571496702517,
                            52.40963703861755
                        ],
                        [
                            13.0475695123032,
                            52.40968196415055
                        ]
                    ]
                ],
                "type": "Polygon"
            }
        },
        {
            "type": "Feature",
            "geometry": {
                "coordinates": [
                    [
                        [
                            13.04756589869442,
                            52.40968055570736
                        ],
                        [
                            13.047639361513594,
                            52.4096817692301
                        ],
                        [
                            13.047641345841933,
                            52.40963684369522
                        ],
                        [
                            13.047567883097308,
                            52.40963563017443
                        ],
                        [
                            13.04756589869442,
                            52.40968055570736
                        ]
                    ]
                ],
                "type": "Polygon"
            }
        },
        {
            "type": "Feature",
            "geometry": {
                "coordinates": [
                    [
                        [
                            13.047123553159006,
                            52.40965886103148
                        ],
                        [
                            13.047197015922784,
                            52.40966007482872
                        ],
                        [
                            13.047199000698983,
                            52.409615149305516
                        ],
                        [
                            13.047125538009755,
                            52.409613935510244
                        ],
                        [
                            13.047123553159006,
                            52.40965886103148
                        ]
                    ]
                ],
                "type": "Polygon"
            }
        },
        {
            "type": "Feature",
            "geometry": {
                "coordinates": [
                    [
                        [
                            13.047227889861402,
                            52.409643500773306
                        ],
                        [
                            13.047301352604228,
                            52.40964471450546
                        ],
                        [
                            13.047303337273323,
                            52.40959978897936
                        ],
                        [
                            13.047229874605048,
                            52.40959857524916
                        ],
                        [
                            13.047227889861402,
                            52.409643500773306
                        ]
                    ]
                ],
                "type": "Polygon"
            }
        },
        {
            "type": "Feature",
            "geometry": {
                "coordinates": [
                    [
                        [
                            13.045832694590418,
                            52.409606953547794
                        ],
                        [
                            13.045906157211457,
                            52.40960816814622
                        ],
                        [
                            13.045908143295426,
                            52.40956324265717
                        ],
                        [
                            13.04583468074894,
                            52.409562028060705
                        ],
                        [
                            13.045832694590418,
                            52.409606953547794
                        ]
                    ]
                ],
                "type": "Polygon"
            }
        },
        {
            "type": "Feature",
            "geometry": {
                "coordinates": [
                    [
                        [
                            13.04741152620162,
                            52.409613715109195
                        ],
                        [
                            13.047484988902992,
                            52.409614928726775
                        ],
                        [
                            13.04748697338339,
                            52.409570003195526
                        ],
                        [
                            13.047413510756563,
                            52.4095687895799
                        ],
                        [
                            13.04741152620162,
                            52.409613715109195
                        ]
                    ]
                ],
                "type": "Polygon"
            }
        },
        {
            "type": "Feature",
            "geometry": {
                "coordinates": [
                    [
                        [
                            13.04784648499341,
                            52.409619551294604
                        ],
                        [
                            13.047919947723509,
                            52.409620764642035
                        ],
                        [
                            13.047921931762412,
                            52.40957583909918
                        ],
                        [
                            13.047848469106862,
                            52.40957462575372
                        ],
                        [
                            13.04784648499341,
                            52.409619551294604
                        ]
                    ]
                ],
                "type": "Polygon"
            }
        },
        {
            "type": "Feature",
            "geometry": {
                "coordinates": [
                    [
                        [
                            13.045156323157773,
                            52.40957418857576
                        ],
                        [
                            13.045229785694755,
                            52.409575403593905
                        ],
                        [
                            13.045231772463556,
                            52.409530478122704
                        ],
                        [
                            13.045158310001122,
                            52.409529263106535
                        ],
                        [
                            13.045156323157773,
                            52.40957418857576
                        ]
                    ]
                ],
                "type": "Polygon"
            }
        },
        {
            "type": "Feature",
            "geometry": {
                "coordinates": [
                    [
                        [
                            13.047882521412093,
                            52.40961924732972
                        ],
                        [
                            13.047955984143265,
                            52.40962046065475
                        ],
                        [
                            13.047957968145534,
                            52.40957553511094
                        ],
                        [
                            13.047884505488913,
                            52.409574321787865
                        ],
                        [
                            13.047882521412093,
                            52.40961924732972
                        ]
                    ]
                ],
                "type": "Polygon"
            }
        },
        {
            "type": "Feature",
            "geometry": {
                "coordinates": [
                    [
                        [
                            13.047512447548737,
                            52.40959245359668
                        ],
                        [
                            13.047585910219205,
                            52.4095936671512
                        ],
                        [
                            13.047587894595544,
                            52.4095487416171
                        ],
                        [
                            13.047514431999627,
                            52.40954752806452
                        ],
                        [
                            13.047512447548737,
                            52.40959245359668
                        ]
                    ]
                ],
                "type": "Polygon"
            }
        },
        {
            "type": "Feature",
            "geometry": {
                "coordinates": [
                    [
                        [
                            13.04812117429196,
                            52.40957553299219
                        ],
                        [
                            13.048194636960945,
                            52.40957674616823
                        ],
                        [
                            13.048196620717622,
                            52.409531820617715
                        ],
                        [
                            13.048123158123186,
                            52.40953060744362
                        ],
                        [
                            13.04812117429196,
                            52.40957553299219
                        ]
                    ]
                ],
                "type": "Polygon"
            }
        },
        {
            "type": "Feature",
            "geometry": {
                "coordinates": [
                    [
                        [
                            13.04594134089024,
                            52.409527375272546
                        ],
                        [
                            13.046014803383827,
                            52.40952858980217
                        ],
                        [
                            13.046016789351718,
                            52.409483664309604
                        ],
                        [
                            13.045943326932678,
                            52.409482449781926
                        ],
                        [
                            13.04594134089024,
                            52.409527375272546
                        ]
                    ]
                ],
                "type": "Polygon"
            }
        },
        {
            "type": "Feature",
            "geometry": {
                "coordinates": [
                    [
                        [
                            13.045123406178144,
                            52.409503958724244
                        ],
                        [
                            13.04519686859701,
                            52.4095051737617
                        ],
                        [
                            13.045198855394224,
                            52.40946024829087
                        ],
                        [
                            13.045125393049904,
                            52.40945903325539
                        ],
                        [
                            13.045123406178144,
                            52.409503958724244
                        ]
                    ]
                ],
                "type": "Polygon"
            }
        },
        {
            "type": "Feature",
            "geometry": {
                "coordinates": [
                    [
                        [
                            13.04602357934493,
                            52.40951299947522
                        ],
                        [
                            13.046097041818234,
                            52.40951421395353
                        ],
                        [
                            13.046099027701544,
                            52.40946928845866
                        ],
                        [
                            13.046025565302786,
                            52.4094680739823
                        ],
                        [
                            13.04602357934493,
                            52.40951299947522
                        ]
                    ]
                ],
                "type": "Polygon"
            }
        },
        {
            "type": "Feature",
            "geometry": {
                "coordinates": [
                    [
                        [
                            13.047830618319114,
                            52.40952937260187
                        ],
                        [
                            13.0479040808987,
                            52.409530585957704
                        ],
                        [
                            13.047906064947274,
                            52.409485660414596
                        ],
                        [
                            13.047832602442234,
                            52.40948444706073
                        ],
                        [
                            13.047830618319114,
                            52.40952937260187
                        ]
                    ]
                ],
                "type": "Polygon"
            }
        },
        {
            "type": "Feature",
            "geometry": {
                "coordinates": [
                    [
                        [
                            13.04790908386742,
                            52.40951718109467
                        ],
                        [
                            13.047982546430186,
                            52.40951839440156
                        ],
                        [
                            13.047984530398168,
                            52.409473468856255
                        ],
                        [
                            13.047911067909952,
                            52.40947225555133
                        ],
                        [
                            13.04790908386742,
                            52.40951718109467
                        ]
                    ]
                ],
                "type": "Polygon"
            }
        },
        {
            "type": "Feature",
            "geometry": {
                "coordinates": [
                    [
                        [
                            13.046166136517968,
                            52.40948118785584
                        ],
                        [
                            13.046239598944664,
                            52.40948240224506
                        ],
                        [
                            13.046241584680862,
                            52.409437476746135
                        ],
                        [
                            13.046168122328712,
                            52.409436262358874
                        ],
                        [
                            13.046166136517968,
                            52.40948118785584
                        ]
                    ]
                ],
                "type": "Polygon"
            }
        },
        {
            "type": "Feature",
            "geometry": {
                "coordinates": [
                    [
                        [
                            13.045088245161402,
                            52.409451225494806
                        ],
                        [
                            13.04516170749112,
                            52.409452440553245
                        ],
                        [
                            13.04516369432028,
                            52.40940751508296
                        ],
                        [
                            13.045090232065109,
                            52.40940630002646
                        ],
                        [
                            13.045088245161402,
                            52.409451225494806
                        ]
                    ]
                ],
                "type": "Polygon"
            }
        },
        {
            "type": "Feature",
            "geometry": {
                "coordinates": [
                    [
                        [
                            13.04800932965766,
                            52.40949455925341
                        ],
                        [
                            13.048082792187229,
                            52.40949577249764
                        ],
                        [
                            13.048084776051745,
                            52.4094508469495
                        ],
                        [
                            13.048011313596726,
                            52.40944963370721
                        ],
                        [
                            13.04800932965766,
                            52.40949455925341
                        ]
                    ]
                ],
                "type": "Polygon"
            }
        },
        {
            "type": "Feature",
            "geometry": {
                "coordinates": [
                    [
                        [
                            13.048043380328528,
                            52.40948927703032
                        ],
                        [
                            13.048116842850812,
                            52.40949049025331
                        ],
                        [
                            13.048118826680353,
                            52.40944556470422
                        ],
                        [
                            13.048045364232621,
                            52.409444351483174
                        ],
                        [
                            13.048043380328528,
                            52.40948927703032
                        ]
                    ]
                ],
                "type": "Polygon"
            }
        },
        {
            "type": "Feature",
            "geometry": {
                "coordinates": [
                    [
                        [
                            13.048084618533604,
                            52.40948771016342
                        ],
                        [
                            13.048158081055085,
                            52.409488923360755
                        ],
                        [
                            13.048160064842621,
                            52.40944399781055
                        ],
                        [
                            13.048086602395689,
                            52.40944278461516
                        ],
                        [
                            13.048084618533604,
                            52.40948771016342
                        ]
                    ]
                ],
                "type": "Polygon"
            }
        },
        {
            "type": "Feature",
            "geometry": {
                "coordinates": [
                    [
                        [
                            13.047585529523852,
                            52.40945249175528
                        ],
                        [
                            13.047658991964994,
                            52.40945370526215
                        ],
                        [
                            13.047660976257072,
                            52.40940877972503
                        ],
                        [
                            13.047587513890479,
                            52.40940756622011
                        ],
                        [
                            13.047585529523852,
                            52.40945249175528
                        ]
                    ]
                ],
                "type": "Polygon"
            }
        },
        {
            "type": "Feature",
            "geometry": {
                "coordinates": [
                    [
                        [
                            13.045072541517074,
                            52.409407356170156
                        ],
                        [
                            13.045146003773226,
                            52.40940857123767
                        ],
                        [
                            13.045147990615197,
                            52.40936364576746
                        ],
                        [
                            13.045074528433595,
                            52.409362430701925
                        ],
                        [
                            13.045072541517074,
                            52.409407356170156
                        ]
                    ]
                ],
                "type": "Polygon"
            }
        },
        {
            "type": "Feature",
            "geometry": {
                "coordinates": [
                    [
                        [
                            13.046558028748807,
                            52.40941348436983
                        ],
                        [
                            13.046631491080182,
                            52.409414698514475
                        ],
                        [
                            13.046633476413382,
                            52.40936977300453
                        ],
                        [
                            13.046560014156555,
                            52.40936855886184
                        ],
                        [
                            13.046558028748807,
                            52.40941348436983
                        ]
                    ]
                ],
                "type": "Polygon"
            }
        },
        {
            "type": "Feature",
            "geometry": {
                "coordinates": [
                    [
                        [
                            13.046928715498625,
                            52.40939308499949
                        ],
                        [
                            13.047002177812335,
                            52.409394298913504
                        ],
                        [
                            13.047004162767466,
                            52.409349373393496
                        ],
                        [
                            13.046930700528305,
                            52.40934815948144
                        ],
                        [
                            13.046928715498625,
                            52.40939308499949
                        ]
                    ]
                ],
                "type": "Polygon"
            }
        },
        {
            "type": "Feature",
            "geometry": {
                "coordinates": [
                    [
                        [
                            13.046796661900489,
                            52.4093702219625
                        ],
                        [
                            13.046870124170436,
                            52.40937143595818
                        ],
                        [
                            13.046872109258095,
                            52.40932651044153
                        ],
                        [
                            13.046798647062696,
                            52.409325296447804
                        ],
                        [
                            13.046796661900489,
                            52.4093702219625
                        ]
                    ]
                ],
                "type": "Polygon"
            }
        },
        {
            "type": "Feature",
            "geometry": {
                "coordinates": [
                    [
                        [
                            13.044979330228443,
                            52.40922103563618
                        ],
                        [
                            13.045052792170972,
                            52.40922225075859
                        ],
                        [
                            13.045054779094299,
                            52.40917732528944
                        ],
                        [
                            13.044981317226316,
                            52.409176110169
                        ],
                        [
                            13.044979330228443,
                            52.40922103563618
                        ]
                    ]
                ],
                "type": "Polygon"
            }
        },
        {
            "type": "Feature",
            "geometry": {
                "coordinates": [
                    [
                        [
                            13.044980343598011,
                            52.40919812364796
                        ],
                        [
                            13.045053805502523,
                            52.40919933876937
                        ],
                        [
                            13.04505579242318,
                            52.409154413300044
                        ],
                        [
                            13.044982330593214,
                            52.40915319818058
                        ],
                        [
                            13.044980343598011,
                            52.40919812364796
                        ]
                    ]
                ],
                "type": "Polygon"
            }
        },
        {
            "type": "Feature",
            "geometry": {
                "coordinates": [
                    [
                        [
                            13.044667853713413,
                            52.409165979290876
                        ],
                        [
                            13.044741315550835,
                            52.409167194605914
                        ],
                        [
                            13.044743302786665,
                            52.409122269144696
                        ],
                        [
                            13.044669841023794,
                            52.40912105383161
                        ],
                        [
                            13.044667853713413,
                            52.409165979290876
                        ]
                    ]
                ],
                "type": "Polygon"
            }
        },
        {
            "type": "Feature",
            "geometry": {
                "coordinates": [
                    [
                        [
                            13.045998070224249,
                            52.40914212113794
                        ],
                        [
                            13.046071532080292,
                            52.40914333562612
                        ],
                        [
                            13.046073517962967,
                            52.4090984101291
                        ],
                        [
                            13.04600005618147,
                            52.409097195642865
                        ],
                        [
                            13.045998070224249,
                            52.40914212113794
                        ]
                    ]
                ],
                "type": "Polygon"
            }
        },
        {
            "type": "Feature",
            "geometry": {
                "coordinates": [
                    [
                        [
                            13.046168620885489,
                            52.4091422431507
                        ],
                        [
                            13.046242082749202,
                            52.40914345753291
                        ],
                        [
                            13.046244068458613,
                            52.409098532031315
                        ],
                        [
                            13.046170606669447,
                            52.40909731765106
                        ],
                        [
                            13.046168620885489,
                            52.4091422431507
                        ]
                    ]
                ],
                "type": "Polygon"
            }
        },
        {
            "type": "Feature",
            "geometry": {
                "coordinates": [
                    [
                        [
                            13.046442673373958,
                            52.40914587405395
                        ],
                        [
                            13.046516135255702,
                            52.40914708826595
                        ],
                        [
                            13.046518120686944,
                            52.40910216275705
                        ],
                        [
                            13.046444658879748,
                            52.40910094854701
                        ],
                        [
                            13.046442673373958,
                            52.40914587405395
                        ]
                    ]
                ],
                "type": "Polygon"
            }
        },
        {
            "type": "Feature",
            "geometry": {
                "coordinates": [
                    [
                        [
                            13.048361201204607,
                            52.40916767855089
                        ],
                        [
                            13.04843466320651,
                            52.40916889157125
                        ],
                        [
                            13.048436646690162,
                            52.409123966011194
                        ],
                        [
                            13.048363184762804,
                            52.40912275299279
                        ],
                        [
                            13.048361201204607,
                            52.40916767855089
                        ]
                    ]
                ],
                "type": "Polygon"
            }
        },
        {
            "type": "Feature",
            "geometry": {
                "coordinates": [
                    [
                        [
                            13.045981253630005,
                            52.409123410201246
                        ],
                        [
                            13.046054715454229,
                            52.40912462469958
                        ],
                        [
                            13.046056701352649,
                            52.40907969920286
                        ],
                        [
                            13.045983239602972,
                            52.40907848470649
                        ],
                        [
                            13.045981253630005,
                            52.409123410201246
                        ]
                    ]
                ],
                "type": "Polygon"
            }
        },
        {
            "type": "Feature",
            "geometry": {
                "coordinates": [
                    [
                        [
                            13.045439324046896,
                            52.40910950399001
                        ],
                        [
                            13.045512785824286,
                            52.40911071882482
                        ],
                        [
                            13.045514772272288,
                            52.40906579334251
                        ],
                        [
                            13.045441310569444,
                            52.409064578509664
                        ],
                        [
                            13.045439324046896,
                            52.40910950399001
                        ]
                    ]
                ],
                "type": "Polygon"
            }
        },
        {
            "type": "Feature",
            "geometry": {
                "coordinates": [
                    [
                        [
                            13.046234518425726,
                            52.409098374164465
                        ],
                        [
                            13.046307980219446,
                            52.409099588505036
                        ],
                        [
                            13.046309965858766,
                            52.40905466300135
                        ],
                        [
                            13.046236504139594,
                            52.40905344866274
                        ],
                        [
                            13.046234518425726,
                            52.409098374164465
                        ]
                    ]
                ],
                "type": "Polygon"
            }
        },
        {
            "type": "Feature",
            "geometry": {
                "coordinates": [
                    [
                        [
                            13.04832131146655,
                            52.409122061551884
                        ],
                        [
                            13.048394773390926,
                            52.4091232745963
                        ],
                        [
                            13.048396756911842,
                            52.409078349036946
                        ],
                        [
                            13.048323295062014,
                            52.409077135994494
                        ],
                        [
                            13.04832131146655,
                            52.409122061551884
                        ]
                    ]
                ],
                "type": "Polygon"
            }
        },
        {
            "type": "Feature",
            "geometry": {
                "coordinates": [
                    [
                        [
                            13.04572161679473,
                            52.40905977242611
                        ],
                        [
                            13.045795078501865,
                            52.40906098708474
                        ],
                        [
                            13.045797064659508,
                            52.40901606159448
                        ],
                        [
                            13.045723603026921,
                            52.40901484693783
                        ],
                        [
                            13.04572161679473,
                            52.40905977242611
                        ]
                    ]
                ],
                "type": "Polygon"
            }
        },
        {
            "type": "Feature",
            "geometry": {
                "coordinates": [
                    [
                        [
                            13.046392659919267,
                            52.40906322323005
                        ],
                        [
                            13.046466121661515,
                            52.4090644374718
                        ],
                        [
                            13.046468107137654,
                            52.409019511963606
                        ],
                        [
                            13.046394645469954,
                            52.40901829772381
                        ],
                        [
                            13.046392659919267,
                            52.40906322323005
                        ]
                    ]
                ],
                "type": "Polygon"
            }
        },
        {
            "type": "Feature",
            "geometry": {
                "coordinates": [
                    [
                        [
                            13.047651456268987,
                            52.409041762611224
                        ],
                        [
                            13.047724918030667,
                            52.40904297607052
                        ],
                        [
                            13.047726902226387,
                            52.40899805052848
                        ],
                        [
                            13.047653440539253,
                            52.40899683707113
                        ],
                        [
                            13.047651456268987,
                            52.409041762611224
                        ]
                    ]
                ],
                "type": "Polygon"
            }
        },
        {
            "type": "Feature",
            "geometry": {
                "coordinates": [
                    [
                        [
                            13.04823833588627,
                            52.409036619312495
                        ],
                        [
                            13.048311797665074,
                            52.409037832407066
                        ],
                        [
                            13.048313781264179,
                            52.4089929068493
                        ],
                        [
                            13.048240319559923,
                            52.408991693756676
                        ],
                        [
                            13.04823833588627,
                            52.409036619312495
                        ]
                    ]
                ],
                "type": "Polygon"
            }
        },
        {
            "type": "Feature",
            "geometry": {
                "coordinates": [
                    [
                        [
                            13.044967981753883,
                            52.40897897207564
                        ],
                        [
                            13.04504144329378,
                            52.408980187201195
                        ],
                        [
                            13.045043430211296,
                            52.408935261730505
                        ],
                        [
                            13.044969968745947,
                            52.40893404660691
                        ],
                        [
                            13.044967981753883,
                            52.40897897207564
                        ]
                    ]
                ],
                "type": "Polygon"
            }
        },
        {
            "type": "Feature",
            "geometry": {
                "coordinates": [
                    [
                        [
                            13.04495954447571,
                            52.408953655843675
                        ],
                        [
                            13.045033005973178,
                            52.40895487097407
                        ],
                        [
                            13.045034992897454,
                            52.40890994550342
                        ],
                        [
                            13.044961531474533,
                            52.408908730374975
                        ],
                        [
                            13.04495954447571,
                            52.408953655843675
                        ]
                    ]
                ],
                "type": "Polygon"
            }
        },
        {
            "type": "Feature",
            "geometry": {
                "coordinates": [
                    [
                        [
                            13.047398329730923,
                            52.40898048398989
                        ],
                        [
                            13.047471791379728,
                            52.40898169760548
                        ],
                        [
                            13.047473775828228,
                            52.408936772069744
                        ],
                        [
                            13.04740031425397,
                            52.408935558456115
                        ],
                        [
                            13.047398329730923,
                            52.40898048398989
                        ]
                    ]
                ],
                "type": "Polygon"
            }
        },
        {
            "type": "Feature",
            "geometry": {
                "coordinates": [
                    [
                        [
                            13.047464206712768,
                            52.408970332726156
                        ],
                        [
                            13.04753766834759,
                            52.40897154630065
                        ],
                        [
                            13.047539652728435,
                            52.40892662076307
                        ],
                        [
                            13.04746619116816,
                            52.40892540719054
                        ],
                        [
                            13.047464206712768,
                            52.408970332726156
                        ]
                    ]
                ],
                "type": "Polygon"
            }
        },
        {
            "type": "Feature",
            "geometry": {
                "coordinates": [
                    [
                        [
                            13.048184905250887,
                            52.40898133740931
                        ],
                        [
                            13.048258366935515,
                            52.408982550536194
                        ],
                        [
                            13.048260350584949,
                            52.40893762497942
                        ],
                        [
                            13.048186888974868,
                            52.40893641185448
                        ],
                        [
                            13.048184905250887,
                            52.40898133740931
                        ]
                    ]
                ],
                "type": "Polygon"
            }
        },
        {
            "type": "Feature",
            "geometry": {
                "coordinates": [
                    [
                        [
                            13.046556936022727,
                            52.408905886832834
                        ],
                        [
                            13.046630397510786,
                            52.40890710096999
                        ],
                        [
                            13.046632382808765,
                            52.4088621754562
                        ],
                        [
                            13.046558921395254,
                            52.40886096132101
                        ],
                        [
                            13.046556936022727,
                            52.408905886832834
                        ]
                    ]
                ],
                "type": "Polygon"
            }
        },
        {
            "type": "Feature",
            "geometry": {
                "coordinates": [
                    [
                        [
                            13.048594243188958,
                            52.40893459613536
                        ],
                        [
                            13.048667704813836,
                            52.40893580900717
                        ],
                        [
                            13.048669688044061,
                            52.40889088343909
                        ],
                        [
                            13.04859622649373,
                            52.40888967056924
                        ],
                        [
                            13.048594243188958,
                            52.40893459613536
                        ]
                    ]
                ],
                "type": "Polygon"
            }
        },
        {
            "type": "Feature",
            "geometry": {
                "coordinates": [
                    [
                        [
                            13.046722839703584,
                            52.408878057085694
                        ],
                        [
                            13.04679630115267,
                            52.40887927111932
                        ],
                        [
                            13.046798286280108,
                            52.40883434560088
                        ],
                        [
                            13.046724824905567,
                            52.40883313156921
                        ],
                        [
                            13.046722839703584,
                            52.408878057085694
                        ]
                    ]
                ],
                "type": "Polygon"
            }
        },
        {
            "type": "Feature",
            "geometry": {
                "coordinates": [
                    [
                        [
                            13.04865509571146,
                            52.40890502917904
                        ],
                        [
                            13.04872855728988,
                            52.40890624201257
                        ],
                        [
                            13.048730540456168,
                            52.408861316442646
                        ],
                        [
                            13.048657078952294,
                            52.40886010361107
                        ],
                        [
                            13.04865509571146,
                            52.40890502917904
                        ]
                    ]
                ],
                "type": "Polygon"
            }
        },
        {
            "type": "Feature",
            "geometry": {
                "coordinates": [
                    [
                        [
                            13.044847013618224,
                            52.4088384993662
                        ],
                        [
                            13.044920474919458,
                            52.40883971456465
                        ],
                        [
                            13.044922461949811,
                            52.40879478909613
                        ],
                        [
                            13.044849000723124,
                            52.408793573899636
                        ],
                        [
                            13.044847013618224,
                            52.4088384993662
                        ]
                    ]
                ],
                "type": "Polygon"
            }
        },
        {
            "type": "Feature",
            "geometry": {
                "coordinates": [
                    [
                        [
                            13.048099567036418,
                            52.40888281813897
                        ],
                        [
                            13.048173028553645,
                            52.408884031317285
                        ],
                        [
                            13.048175012282735,
                            52.40883910576205
                        ],
                        [
                            13.048101550840055,
                            52.40883789258568
                        ],
                        [
                            13.048099567036418,
                            52.40888281813897
                        ]
                    ]
                ],
                "type": "Polygon"
            }
        },
        {
            "type": "Feature",
            "geometry": {
                "coordinates": [
                    [
                        [
                            13.048451943613529,
                            52.40887739745839
                        ],
                        [
                            13.04852540513716,
                            52.40887861041771
                        ],
                        [
                            13.048527388507866,
                            52.408833684852986
                        ],
                        [
                            13.048453927058778,
                            52.40883247189564
                        ],
                        [
                            13.048451943613529,
                            52.40887739745839
                        ]
                    ]
                ],
                "type": "Polygon"
            }
        },
        {
            "type": "Feature",
            "geometry": {
                "coordinates": [
                    [
                        [
                            13.048512577977283,
                            52.40885277238732
                        ],
                        [
                            13.04858603946266,
                            52.40885398530855
                        ],
                        [
                            13.048588022770002,
                            52.40880905974204
                        ],
                        [
                            13.048514561359172,
                            52.408807846822754
                        ],
                        [
                            13.048512577977283,
                            52.40885277238732
                        ]
                    ]
                ],
                "type": "Polygon"
            }
        },
        {
            "type": "Feature",
            "geometry": {
                "coordinates": [
                    [
                        [
                            13.048675086524517,
                            52.408851858836755
                        ],
                        [
                            13.048748548015478,
                            52.408853071657006
                        ],
                        [
                            13.048750531157657,
                            52.40880814608614
                        ],
                        [
                            13.04867706974124,
                            52.40880693326784
                        ],
                        [
                            13.048675086524517,
                            52.408851858836755
                        ]
                    ]
                ],
                "type": "Polygon"
            }
        },
        {
            "type": "Feature",
            "geometry": {
                "coordinates": [
                    [
                        [
                            13.04803654709517,
                            52.40882827696551
                        ],
                        [
                            13.048110008519036,
                            52.40882949018211
                        ],
                        [
                            13.04811199230825,
                            52.40878456462814
                        ],
                        [
                            13.048038530958932,
                            52.40878335141349
                        ],
                        [
                            13.04803654709517,
                            52.40882827696551
                        ]
                    ]
                ],
                "type": "Polygon"
            }
        },
        {
            "type": "Feature",
            "geometry": {
                "coordinates": [
                    [
                        [
                            13.044805064353772,
                            52.408756430827694
                        ],
                        [
                            13.04487852551683,
                            52.40875764605087
                        ],
                        [
                            13.044880512583925,
                            52.408712720582855
                        ],
                        [
                            13.044807051495411,
                            52.40871150536162
                        ],
                        [
                            13.044805064353772,
                            52.408756430827694
                        ]
                    ]
                ],
                "type": "Polygon"
            }
        },
        {
            "type": "Feature",
            "geometry": {
                "coordinates": [
                    [
                        [
                            13.048000589536842,
                            52.408793514788734
                        ],
                        [
                            13.048074050901386,
                            52.40879472802712
                        ],
                        [
                            13.048076034724645,
                            52.40874980247384
                        ],
                        [
                            13.04800257343465,
                            52.408748589237405
                        ],
                        [
                            13.048000589536842,
                            52.408793514788734
                        ]
                    ]
                ],
                "type": "Polygon"
            }
        },
        {
            "type": "Feature",
            "geometry": {
                "coordinates": [
                    [
                        [
                            13.044670036301854,
                            52.40871778076668
                        ],
                        [
                            13.04474349739479,
                            52.408718996073134
                        ],
                        [
                            13.044745484596294,
                            52.40867407060845
                        ],
                        [
                            13.044672023577904,
                            52.40867285530395
                        ],
                        [
                            13.044670036301854,
                            52.40871778076668
                        ]
                    ]
                ],
                "type": "Polygon"
            }
        },
        {
            "type": "Feature",
            "geometry": {
                "coordinates": [
                    [
                        [
                            13.044789480449653,
                            52.40870986593778
                        ],
                        [
                            13.044862941534673,
                            52.4087110811699
                        ],
                        [
                            13.044864928614262,
                            52.40866615570194
                        ],
                        [
                            13.044791467603787,
                            52.40866494047177
                        ],
                        [
                            13.044789480449653,
                            52.40870986593778
                        ]
                    ]
                ],
                "type": "Polygon"
            }
        },
        {
            "type": "Feature",
            "geometry": {
                "coordinates": [
                    [
                        [
                            13.04829010532858,
                            52.40876322848611
                        ],
                        [
                            13.048363566655471,
                            52.40876444154412
                        ],
                        [
                            13.04836555018243,
                            52.40871951598288
                        ],
                        [
                            13.048292088930085,
                            52.40871830292683
                        ],
                        [
                            13.04829010532858,
                            52.40876322848611
                        ]
                    ]
                ],
                "type": "Polygon"
            }
        },
        {
            "type": "Feature",
            "geometry": {
                "coordinates": [
                    [
                        [
                            13.048595922645113,
                            52.40876333269521
                        ],
                        [
                            13.048669383985553,
                            52.408764545563216
                        ],
                        [
                            13.048671367201825,
                            52.408719619993796
                        ],
                        [
                            13.048597905935935,
                            52.408718407127736
                        ],
                        [
                            13.048595922645113,
                            52.40876333269521
                        ]
                    ]
                ],
                "type": "Polygon"
            }
        },
        {
            "type": "Feature",
            "geometry": {
                "coordinates": [
                    [
                        [
                            13.048517615757058,
                            52.40873866145256
                        ],
                        [
                            13.048591077053086,
                            52.40873987436883
                        ],
                        [
                            13.04859306034715,
                            52.40869494880131
                        ],
                        [
                            13.048519599125669,
                            52.408693735887
                        ],
                        [
                            13.048517615757058,
                            52.40873866145256
                        ]
                    ]
                ],
                "type": "Polygon"
            }
        },
        {
            "type": "Feature",
            "geometry": {
                "coordinates": [
                    [
                        [
                            13.047873477361845,
                            52.40865878834414
                        ],
                        [
                            13.047946938497013,
                            52.408660001659335
                        ],
                        [
                            13.047948922439778,
                            52.40861507610843
                        ],
                        [
                            13.047875461379155,
                            52.4086138627952
                        ],
                        [
                            13.047873477361845,
                            52.40865878834414
                        ]
                    ]
                ],
                "type": "Polygon"
            }
        },
        {
            "type": "Feature",
            "geometry": {
                "coordinates": [
                    [
                        [
                            13.044591181692608,
                            52.4085559749046
                        ],
                        [
                            13.04466464251329,
                            52.40855719025745
                        ],
                        [
                            13.044666629783315,
                            52.408512264793636
                        ],
                        [
                            13.044593169037178,
                            52.40851104944275
                        ],
                        [
                            13.044591181692608,
                            52.4085559749046
                        ]
                    ]
                ],
                "type": "Polygon"
            }
        },
        {
            "type": "Feature",
            "geometry": {
                "coordinates": [
                    [
                        [
                            13.044582545969915,
                            52.40853515119309
                        ],
                        [
                            13.044656006755625,
                            52.408536366550976
                        ],
                        [
                            13.044657994032931,
                            52.40849144108723
                        ],
                        [
                            13.044584533321766,
                            52.40849022573132
                        ],
                        [
                            13.044582545969915,
                            52.40853515119309
                        ]
                    ]
                ],
                "type": "Polygon"
            }
        },
        {
            "type": "Feature",
            "geometry": {
                "coordinates": [
                    [
                        [
                            13.047286740172883,
                            52.408577612171065
                        ],
                        [
                            13.04736020114753,
                            52.408578825849496
                        ],
                        [
                            13.047362185680578,
                            52.408533900313664
                        ],
                        [
                            13.047288724780476,
                            52.408532686637194
                        ],
                        [
                            13.047286740172883,
                            52.408577612171065
                        ]
                    ]
                ],
                "type": "Polygon"
            }
        },
        {
            "type": "Feature",
            "geometry": {
                "coordinates": [
                    [
                        [
                            13.044699507600509,
                            52.40853348955354
                        ],
                        [
                            13.044772968388584,
                            52.40853470483872
                        ],
                        [
                            13.044774955546945,
                            52.40848977937182
                        ],
                        [
                            13.044701494833415,
                            52.40848856408859
                        ],
                        [
                            13.044699507600509,
                            52.40853348955354
                        ]
                    ]
                ],
                "type": "Polygon"
            }
        },
        {
            "type": "Feature",
            "geometry": {
                "coordinates": [
                    [
                        [
                            13.047716605533443,
                            52.408565381423884
                        ],
                        [
                            13.047790066506579,
                            52.40856659483504
                        ],
                        [
                            13.047792050602036,
                            52.40852166928761
                        ],
                        [
                            13.047718589703447,
                            52.4085204558784
                        ],
                        [
                            13.047716605533443,
                            52.408565381423884
                        ]
                    ]
                ],
                "type": "Polygon"
            }
        },
        {
            "type": "Feature",
            "geometry": {
                "coordinates": [
                    [
                        [
                            13.044577742281154,
                            52.408510794213264
                        ],
                        [
                            13.044651203026191,
                            52.408512009573734
                        ],
                        [
                            13.044653190306633,
                            52.408467084109915
                        ],
                        [
                            13.04457972963614,
                            52.40846586875142
                        ],
                        [
                            13.044577742281154,
                            52.408510794213264
                        ]
                    ]
                ],
                "type": "Polygon"
            }
        },
        {
            "type": "Feature",
            "geometry": {
                "coordinates": [
                    [
                        [
                            13.047761455443215,
                            52.408531953926584
                        ],
                        [
                            13.04783491636278,
                            52.40853316730933
                        ],
                        [
                            13.047836900410278,
                            52.40848824176046
                        ],
                        [
                            13.047763439565259,
                            52.40848702837966
                        ],
                        [
                            13.047761455443215,
                            52.408531953926584
                        ]
                    ]
                ],
                "type": "Polygon"
            }
        },
        {
            "type": "Feature",
            "geometry": {
                "coordinates": [
                    [
                        [
                            13.044650173762578,
                            52.40843556336489
                        ],
                        [
                            13.044723634385814,
                            52.408436778679146
                        ],
                        [
                            13.044724906195357,
                            52.40840802638075
                        ],
                        [
                            13.044651445619829,
                            52.40840681106774
                        ],
                        [
                            13.044650173762578,
                            52.40843556336489
                        ]
                    ]
                ],
                "type": "Polygon"
            }
        },
        {
            "type": "Feature",
            "geometry": {
                "coordinates": [
                    [
                        [
                            13.044365980578368,
                            52.408428613396
                        ],
                        [
                            13.044435768147519,
                            52.408429768113244
                        ],
                        [
                            13.044436940769268,
                            52.40840326209268
                        ],
                        [
                            13.044367153241899,
                            52.40840210737654
                        ],
                        [
                            13.044365980578368,
                            52.408428613396
                        ]
                    ]
                ],
                "type": "Polygon"
            }
        },
        {
            "type": "Feature",
            "geometry": {
                "coordinates": [
                    [
                        [
                            13.044404180089316,
                            52.40842924545686
                        ],
                        [
                            13.044477640691278,
                            52.40843046092384
                        ],
                        [
                            13.044478813287958,
                            52.40840395490262
                        ],
                        [
                            13.044405352729978,
                            52.40840273943679
                        ],
                        [
                            13.044404180089316,
                            52.40842924545686
                        ]
                    ]
                ],
                "type": "Polygon"
            }
        }
    ],
    "type": "FeatureCollection",
    "crs": {
        "type": "name",
        "properties": {
            "name": "epsg:4326"
        }
    }
}