{
    "features": [
        {
            "type": "Feature",
            "geometry": {
                "coordinates": [
                    [
                        [
                            13.06312423857563,
                            52.4113900402583
                        ],
                        [
                            13.063197704912957,
                            52.411391244141655
                        ],
                        [
                            13.063199673555552,
                            52.41134631820526
                        ],
                        [
                            13.063126207292784,
                            52.41134511432383
                        ],
                        [
                            13.06312423857563,
                            52.4113900402583
                        ]
                    ]
                ],
                "type": "Polygon"
            }
        },
        {
            "type": "Feature",
            "geometry": {
                "coordinates": [
                    [
                        [
                            13.063082245663164,
                            52.41134169641708
                        ],
                        [
                            13.063155711918343,
                            52.411342900325764
                        ],
                        [
                            13.063157680600176,
                            52.41129797439012
                        ],
                        [
                            13.063084214419554,
                            52.41129677048339
                        ],
                        [
                            13.063082245663164,
                            52.41134169641708
                        ]
                    ]
                ],
                "type": "Polygon"
            }
        },
        {
            "type": "Feature",
            "geometry": {
                "coordinates": [
                    [
                        [
                            13.063048576584585,
                            52.411304728519205
                        ],
                        [
                            13.06312204277688,
                            52.41130593244821
                        ],
                        [
                            13.063124011490297,
                            52.411261006513165
                        ],
                        [
                            13.06305054537256,
                            52.4112598025861
                        ],
                        [
                            13.063048576584585,
                            52.411304728519205
                        ]
                    ]
                ],
                "type": "Polygon"
            }
        },
        {
            "type": "Feature",
            "geometry": {
                "coordinates": [
                    [
                        [
                            13.06297043526031,
                            52.41122567024379
                        ],
                        [
                            13.06304390131786,
                            52.411226874220084
                        ],
                        [
                            13.06304587010506,
                            52.41118194828653
                        ],
                        [
                            13.062972404122071,
                            52.411180744312176
                        ],
                        [
                            13.06297043526031,
                            52.41122567024379
                        ]
                    ]
                ],
                "type": "Polygon"
            }
        },
        {
            "type": "Feature",
            "geometry": {
                "coordinates": [
                    [
                        [
                            13.062338280677604,
                            52.41118968230483
                        ],
                        [
                            13.062411746647914,
                            52.41119088667333
                        ],
                        [
                            13.06241371607486,
                            52.41114596075627
                        ],
                        [
                            13.062340250179108,
                            52.41114475638971
                        ],
                        [
                            13.062338280677604,
                            52.41118968230483
                        ]
                    ]
                ],
                "type": "Polygon"
            }
        },
        {
            "type": "Feature",
            "geometry": {
                "coordinates": [
                    [
                        [
                            13.062924710303138,
                            52.411178613926445
                        ],
                        [
                            13.062998176280518,
                            52.4111798179304
                        ],
                        [
                            13.063000145110836,
                            52.411134891997705
                        ],
                        [
                            13.062926679208017,
                            52.41113368799568
                        ],
                        [
                            13.062924710303138,
                            52.411178613926445
                        ]
                    ]
                ],
                "type": "Polygon"
            }
        },
        {
            "type": "Feature",
            "geometry": {
                "coordinates": [
                    [
                        [
                            13.062863551463229,
                            52.41111467010507
                        ],
                        [
                            13.062937017331711,
                            52.41111587414601
                        ],
                        [
                            13.062938986219633,
                            52.41107094821443
                        ],
                        [
                            13.06286552042571,
                            52.41106974417544
                        ],
                        [
                            13.062863551463229,
                            52.41111467010507
                        ]
                    ]
                ],
                "type": "Polygon"
            }
        },
        {
            "type": "Feature",
            "geometry": {
                "coordinates": [
                    [
                        [
                            13.066228755315828,
                            52.41109199827866
                        ],
                        [
                            13.066302221292586,
                            52.41109320022832
                        ],
                        [
                            13.066304186759705,
                            52.41104827420732
                        ],
                        [
                            13.066230720857506,
                            52.41104707225959
                        ],
                        [
                            13.066228755315828,
                            52.41109199827866
                        ]
                    ]
                ],
                "type": "Polygon"
            }
        },
        {
            "type": "Feature",
            "geometry": {
                "coordinates": [
                    [
                        [
                            13.065418546074993,
                            52.410941617254785
                        ],
                        [
                            13.065492011766777,
                            52.410942819705475
                        ],
                        [
                            13.065493978046446,
                            52.41089789370479
                        ],
                        [
                            13.065420512429219,
                            52.41089669125607
                        ],
                        [
                            13.065418546074993,
                            52.410941617254785
                        ]
                    ]
                ],
                "type": "Polygon"
            }
        },
        {
            "type": "Feature",
            "geometry": {
                "coordinates": [
                    [
                        [
                            13.062615847447013,
                            52.41087862579424
                        ],
                        [
                            13.062689312912555,
                            52.410879829985326
                        ],
                        [
                            13.062691282035399,
                            52.410834904058525
                        ],
                        [
                            13.062617816644414,
                            52.410833699869386
                        ],
                        [
                            13.062615847447013,
                            52.41087862579424
                        ]
                    ]
                ],
                "type": "Polygon"
            }
        },
        {
            "type": "Feature",
            "geometry": {
                "coordinates": [
                    [
                        [
                            13.061954984054937,
                            52.41077652619787
                        ],
                        [
                            13.06202844932215,
                            52.41077773079793
                        ],
                        [
                            13.062030419109204,
                            52.410732804887886
                        ],
                        [
                            13.061956953916548,
                            52.410731600289786
                        ],
                        [
                            13.061954984054937,
                            52.41077652619787
                        ]
                    ]
                ],
                "type": "Polygon"
            }
        },
        {
            "type": "Feature",
            "geometry": {
                "coordinates": [
                    [
                        [
                            13.064431224048832,
                            52.41067233819701
                        ],
                        [
                            13.064504689250406,
                            52.41067354125685
                        ],
                        [
                            13.064506656514132,
                            52.410628615280295
                        ],
                        [
                            13.064433191387115,
                            52.410627412222404
                        ],
                        [
                            13.064431224048832,
                            52.41067233819701
                        ]
                    ]
                ],
                "type": "Polygon"
            }
        },
        {
            "type": "Feature",
            "geometry": {
                "coordinates": [
                    [
                        [
                            13.062458013178212,
                            52.410537952835284
                        ],
                        [
                            13.062531478070886,
                            52.410539157118976
                        ],
                        [
                            13.062533447329908,
                            52.410494231193766
                        ],
                        [
                            13.06245998251179,
                            52.410493026912015
                        ],
                        [
                            13.062458013178212,
                            52.410537952835284
                        ]
                    ]
                ],
                "type": "Polygon"
            }
        },
        {
            "type": "Feature",
            "geometry": {
                "coordinates": [
                    [
                        [
                            13.062557752984715,
                            52.410392574489116
                        ],
                        [
                            13.062631217640181,
                            52.410393778708524
                        ],
                        [
                            13.062633186787545,
                            52.410348852779556
                        ],
                        [
                            13.062559722206633,
                            52.41034764856209
                        ],
                        [
                            13.062557752984715,
                            52.410392574489116
                        ]
                    ]
                ],
                "type": "Polygon"
            }
        },
        {
            "type": "Feature",
            "geometry": {
                "coordinates": [
                    [
                        [
                            13.06250122023188,
                            52.410323760890364
                        ],
                        [
                            13.062574684770565,
                            52.41032496514379
                        ],
                        [
                            13.062576653970481,
                            52.4102800392158
                        ],
                        [
                            13.062503189506353,
                            52.41027883496431
                        ],
                        [
                            13.06250122023188,
                            52.410323760890364
                        ]
                    ]
                ],
                "type": "Polygon"
            }
        },
        {
            "type": "Feature",
            "geometry": {
                "coordinates": [
                    [
                        [
                            13.062544690096594,
                            52.41028805731944
                        ],
                        [
                            13.062618154577848,
                            52.41028926154529
                        ],
                        [
                            13.062620123731065,
                            52.410244335615864
                        ],
                        [
                            13.062546659324369,
                            52.41024313139195
                        ],
                        [
                            13.062544690096594,
                            52.41028805731944
                        ]
                    ]
                ],
                "type": "Polygon"
            }
        },
        {
            "type": "Feature",
            "geometry": {
                "coordinates": [
                    [
                        [
                            13.06258186316325,
                            52.41024505720298
                        ],
                        [
                            13.062655327574674,
                            52.41024626140505
                        ],
                        [
                            13.062657296687073,
                            52.41020133547431
                        ],
                        [
                            13.062583832350201,
                            52.41020013127418
                        ],
                        [
                            13.06258186316325,
                            52.41024505720298
                        ]
                    ]
                ],
                "type": "Polygon"
            }
        },
        {
            "type": "Feature",
            "geometry": {
                "coordinates": [
                    [
                        [
                            13.0624215352646,
                            52.41019612205233
                        ],
                        [
                            13.062494999587763,
                            52.41019732635322
                        ],
                        [
                            13.06249696885958,
                            52.41015240042636
                        ],
                        [
                            13.062423504610972,
                            52.41015119612741
                        ],
                        [
                            13.0624215352646,
                            52.41019612205233
                        ]
                    ]
                ],
                "type": "Polygon"
            }
        },
        {
            "type": "Feature",
            "geometry": {
                "coordinates": [
                    [
                        [
                            13.062606147333346,
                            52.41019420290887
                        ],
                        [
                            13.062679611661336,
                            52.410195407095046
                        ],
                        [
                            13.062681580745448,
                            52.41015048116327
                        ],
                        [
                            13.062608116492013,
                            52.41014927697904
                        ],
                        [
                            13.062606147333346,
                            52.41019420290887
                        ]
                    ]
                ],
                "type": "Polygon"
            }
        },
        {
            "type": "Feature",
            "geometry": {
                "coordinates": [
                    [
                        [
                            13.062418033307408,
                            52.41017538386746
                        ],
                        [
                            13.062491497595964,
                            52.4101765881702
                        ],
                        [
                            13.062493466869869,
                            52.41013166224328
                        ],
                        [
                            13.062420002655864,
                            52.41013045794248
                        ],
                        [
                            13.062418033307408,
                            52.41017538386746
                        ]
                    ]
                ],
                "type": "Polygon"
            }
        },
        {
            "type": "Feature",
            "geometry": {
                "coordinates": [
                    [
                        [
                            13.062404882532473,
                            52.41015673541574
                        ],
                        [
                            13.062478346789474,
                            52.41015793972635
                        ],
                        [
                            13.062480316075415,
                            52.41011301379963
                        ],
                        [
                            13.062406851892968,
                            52.41011180949094
                        ],
                        [
                            13.062404882532473,
                            52.41015673541574
                        ]
                    ]
                ],
                "type": "Polygon"
            }
        },
        {
            "type": "Feature",
            "geometry": {
                "coordinates": [
                    [
                        [
                            13.064019824870241,
                            52.41017870304643
                        ],
                        [
                            13.064093289233828,
                            52.41017990635401
                        ],
                        [
                            13.064095256880531,
                            52.41013498038459
                        ],
                        [
                            13.064021792591499,
                            52.41013377707897
                        ],
                        [
                            13.064019824870241,
                            52.41017870304643
                        ]
                    ]
                ],
                "type": "Polygon"
            }
        },
        {
            "type": "Feature",
            "geometry": {
                "coordinates": [
                    [
                        [
                            13.06239863895375,
                            52.41013145646445
                        ],
                        [
                            13.062472103168483,
                            52.41013266077854
                        ],
                        [
                            13.062474072458972,
                            52.41008773485179
                        ],
                        [
                            13.062400608318793,
                            52.41008653053964
                        ],
                        [
                            13.06239863895375,
                            52.41013145646445
                        ]
                    ]
                ],
                "type": "Polygon"
            }
        },
        {
            "type": "Feature",
            "geometry": {
                "coordinates": [
                    [
                        [
                            13.062739887067972,
                            52.41012850816915
                        ],
                        [
                            13.062813351292624,
                            52.410129712271164
                        ],
                        [
                            13.06281532023619,
                            52.41008478633535
                        ],
                        [
                            13.062741856086097,
                            52.410083582235266
                        ],
                        [
                            13.062739887067972,
                            52.41012850816915
                        ]
                    ]
                ],
                "type": "Polygon"
            }
        },
        {
            "type": "Feature",
            "geometry": {
                "coordinates": [
                    [
                        [
                            13.062659194573007,
                            52.41012448804833
                        ],
                        [
                            13.062732658787473,
                            52.410125692200424
                        ],
                        [
                            13.062734627812741,
                            52.41008076626672
                        ],
                        [
                            13.06266116367283,
                            52.410079562116564
                        ],
                        [
                            13.062659194573007,
                            52.41012448804833
                        ]
                    ]
                ],
                "type": "Polygon"
            }
        },
        {
            "type": "Feature",
            "geometry": {
                "coordinates": [
                    [
                        [
                            13.06238145453171,
                            52.41010419982425
                        ],
                        [
                            13.062454918700412,
                            52.41010540414859
                        ],
                        [
                            13.062456888006427,
                            52.410060478222086
                        ],
                        [
                            13.062383423912278,
                            52.4100592738997
                        ],
                        [
                            13.06238145453171,
                            52.41010419982425
                        ]
                    ]
                ],
                "type": "Polygon"
            }
        },
        {
            "type": "Feature",
            "geometry": {
                "coordinates": [
                    [
                        [
                            13.062368402262464,
                            52.41008330507239
                        ],
                        [
                            13.062441866395886,
                            52.410084509404506
                        ],
                        [
                            13.062443835713678,
                            52.4100395834782
                        ],
                        [
                            13.062370371654811,
                            52.41003837914803
                        ],
                        [
                            13.062368402262464,
                            52.41008330507239
                        ]
                    ]
                ],
                "type": "Polygon"
            }
        },
        {
            "type": "Feature",
            "geometry": {
                "coordinates": [
                    [
                        [
                            13.062692635108435,
                            52.41008277546268
                        ],
                        [
                            13.062766099255054,
                            52.410083979593345
                        ],
                        [
                            13.062768068243386,
                            52.4100390536584
                        ],
                        [
                            13.062694604171323,
                            52.410037849529694
                        ],
                        [
                            13.062692635108435,
                            52.41008277546268
                        ]
                    ]
                ],
                "type": "Polygon"
            }
        },
        {
            "type": "Feature",
            "geometry": {
                "coordinates": [
                    [
                        [
                            13.062354038276073,
                            52.41005879215796
                        ],
                        [
                            13.062427502368143,
                            52.4100599964986
                        ],
                        [
                            13.06242947169879,
                            52.41001507057249
                        ],
                        [
                            13.062356007681272,
                            52.4100138662338
                        ],
                        [
                            13.062354038276073,
                            52.41005879215796
                        ]
                    ]
                ],
                "type": "Polygon"
            }
        },
        {
            "type": "Feature",
            "geometry": {
                "coordinates": [
                    [
                        [
                            13.062195946725328,
                            52.4100427128505
                        ],
                        [
                            13.06226941078382,
                            52.41004391728913
                        ],
                        [
                            13.062271380273948,
                            52.409998991367075
                        ],
                        [
                            13.062197916290007,
                            52.409997786930404
                        ],
                        [
                            13.062195946725328,
                            52.4100427128505
                        ]
                    ]
                ],
                "type": "Polygon"
            }
        },
        {
            "type": "Feature",
            "geometry": {
                "coordinates": [
                    [
                        [
                            13.062753735959218,
                            52.410047360805066
                        ],
                        [
                            13.06282720004965,
                            52.410048564897195
                        ],
                        [
                            13.06282916897339,
                            52.41000363896037
                        ],
                        [
                            13.062755704957512,
                            52.4100024348702
                        ],
                        [
                            13.062753735959218,
                            52.410047360805066
                        ]
                    ]
                ],
                "type": "Polygon"
            }
        },
        {
            "type": "Feature",
            "geometry": {
                "coordinates": [
                    [
                        [
                            13.062322056679989,
                            52.41001690629655
                        ],
                        [
                            13.062395520701083,
                            52.410018110656395
                        ],
                        [
                            13.062397490061247,
                            52.40997318473081
                        ],
                        [
                            13.062324026114709,
                            52.40997198037289
                        ],
                        [
                            13.062322056679989,
                            52.41001690629655
                        ]
                    ]
                ],
                "type": "Polygon"
            }
        },
        {
            "type": "Feature",
            "geometry": {
                "coordinates": [
                    [
                        [
                            13.06230916201961,
                            52.409992417464494
                        ],
                        [
                            13.062382625999458,
                            52.40999362183197
                        ],
                        [
                            13.062384595370984,
                            52.40994869590653
                        ],
                        [
                            13.062311131465691,
                            52.40994749154101
                        ],
                        [
                            13.06230916201961,
                            52.409992417464494
                        ]
                    ]
                ],
                "type": "Polygon"
            }
        },
        {
            "type": "Feature",
            "geometry": {
                "coordinates": [
                    [
                        [
                            13.06215645543833,
                            52.409987665938054
                        ],
                        [
                            13.062229919403656,
                            52.409988870400326
                        ],
                        [
                            13.062231888929997,
                            52.40994394447889
                        ],
                        [
                            13.062158425039225,
                            52.40994274001857
                        ],
                        [
                            13.06215645543833,
                            52.409987665938054
                        ]
                    ]
                ],
                "type": "Polygon"
            }
        },
        {
            "type": "Feature",
            "geometry": {
                "coordinates": [
                    [
                        [
                            13.062283097014722,
                            52.40994972942551
                        ],
                        [
                            13.062356560922517,
                            52.409950933808496
                        ],
                        [
                            13.062358530317498,
                            52.409906007883414
                        ],
                        [
                            13.062285066484256,
                            52.409904803502386
                        ],
                        [
                            13.062283097014722,
                            52.40994972942551
                        ]
                    ]
                ],
                "type": "Polygon"
            }
        },
        {
            "type": "Feature",
            "geometry": {
                "coordinates": [
                    [
                        [
                            13.06211875454037,
                            52.40994208959101
                        ],
                        [
                            13.062192218428335,
                            52.40994329407599
                        ],
                        [
                            13.062194187989745,
                            52.40989836815523
                        ],
                        [
                            13.062120724176332,
                            52.40989716367221
                        ],
                        [
                            13.06211875454037,
                            52.40994208959101
                        ]
                    ]
                ],
                "type": "Polygon"
            }
        },
        {
            "type": "Feature",
            "geometry": {
                "coordinates": [
                    [
                        [
                            13.062266214083456,
                            52.40993236851625
                        ],
                        [
                            13.062339677961674,
                            52.409933572909445
                        ],
                        [
                            13.062341647372575,
                            52.40988864698469
                        ],
                        [
                            13.062268183568909,
                            52.409887442593444
                        ],
                        [
                            13.062266214083456,
                            52.40993236851625
                        ]
                    ]
                ],
                "type": "Polygon"
            }
        },
        {
            "type": "Feature",
            "geometry": {
                "coordinates": [
                    [
                        [
                            13.06224859652688,
                            52.40991499556039
                        ],
                        [
                            13.06232206037547,
                            52.409916199964236
                        ],
                        [
                            13.062324029803035,
                            52.40987127403982
                        ],
                        [
                            13.062250566028997,
                            52.409870069637904
                        ],
                        [
                            13.06224859652688,
                            52.40991499556039
                        ]
                    ]
                ],
                "type": "Polygon"
            }
        },
        {
            "type": "Feature",
            "geometry": {
                "coordinates": [
                    [
                        [
                            13.062074959949834,
                            52.40990135872077
                        ],
                        [
                            13.06214842376823,
                            52.40990256323229
                        ],
                        [
                            13.062150393371242,
                            52.40985763731239
                        ],
                        [
                            13.062076929627398,
                            52.409856432802805
                        ],
                        [
                            13.062074959949834,
                            52.40990135872077
                        ]
                    ]
                ],
                "type": "Polygon"
            }
        },
        {
            "type": "Feature",
            "geometry": {
                "coordinates": [
                    [
                        [
                            13.062870659510937,
                            52.40987888557947
                        ],
                        [
                            13.062944123326542,
                            52.409880089596236
                        ],
                        [
                            13.06294609211953,
                            52.40983516365502
                        ],
                        [
                            13.06287262837848,
                            52.409833959640174
                        ],
                        [
                            13.062870659510937,
                            52.40987888557947
                        ]
                    ]
                ],
                "type": "Polygon"
            }
        },
        {
            "type": "Feature",
            "geometry": {
                "coordinates": [
                    [
                        [
                            13.062029237288387,
                            52.40985430206961
                        ],
                        [
                            13.062102701026618,
                            52.40985550660879
                        ],
                        [
                            13.062104670672744,
                            52.409810580689744
                        ],
                        [
                            13.062031207009063,
                            52.4098093761525
                        ],
                        [
                            13.062029237288387,
                            52.40985430206961
                        ]
                    ]
                ],
                "type": "Polygon"
            }
        },
        {
            "type": "Feature",
            "geometry": {
                "coordinates": [
                    [
                        [
                            13.062163053580894,
                            52.40983716410626
                        ],
                        [
                            13.062236517296464,
                            52.40983836856203
                        ],
                        [
                            13.062238486805413,
                            52.40979344263929
                        ],
                        [
                            13.062165023164399,
                            52.40979223818547
                        ],
                        [
                            13.062163053580894,
                            52.40983716410626
                        ]
                    ]
                ],
                "type": "Polygon"
            }
        },
        {
            "type": "Feature",
            "geometry": {
                "coordinates": [
                    [
                        [
                            13.062152264489294,
                            52.40981495768811
                        ],
                        [
                            13.062225728167503,
                            52.40981616215023
                        ],
                        [
                            13.062227697685838,
                            52.409771236227606
                        ],
                        [
                            13.062154234082183,
                            52.40977003176744
                        ],
                        [
                            13.062152264489294,
                            52.40981495768811
                        ]
                    ]
                ],
                "type": "Polygon"
            }
        },
        {
            "type": "Feature",
            "geometry": {
                "coordinates": [
                    [
                        [
                            13.062137067589987,
                            52.409792678999445
                        ],
                        [
                            13.062210531230521,
                            52.40979388347065
                        ],
                        [
                            13.062212500762715,
                            52.40974895754827
                        ],
                        [
                            13.062139037196735,
                            52.409747753079
                        ],
                        [
                            13.062137067589987,
                            52.409792678999445
                        ]
                    ]
                ],
                "type": "Polygon"
            }
        },
        {
            "type": "Feature",
            "geometry": {
                "coordinates": [
                    [
                        [
                            13.06211361244291,
                            52.40977431114607
                        ],
                        [
                            13.062187076051913,
                            52.40977551563155
                        ],
                        [
                            13.062189045606631,
                            52.409730589709646
                        ],
                        [
                            13.062115582072186,
                            52.40972938522611
                        ],
                        [
                            13.06211361244291,
                            52.40977431114607
                        ]
                    ]
                ],
                "type": "Polygon"
            }
        },
        {
            "type": "Feature",
            "geometry": {
                "coordinates": [
                    [
                        [
                            13.062082830654411,
                            52.40975537357648
                        ],
                        [
                            13.062156294230613,
                            52.409756578080795
                        ],
                        [
                            13.062158263815263,
                            52.409711652159565
                        ],
                        [
                            13.062084800313613,
                            52.409710447657204
                        ],
                        [
                            13.062082830654411,
                            52.40975537357648
                        ]
                    ]
                ],
                "type": "Polygon"
            }
        },
        {
            "type": "Feature",
            "geometry": {
                "coordinates": [
                    [
                        [
                            13.062915173276512,
                            52.4097690179403
                        ],
                        [
                            13.062988636911518,
                            52.40977022192767
                        ],
                        [
                            13.06299060565148,
                            52.40972529598444
                        ],
                        [
                            13.06291714209103,
                            52.40972409199902
                        ],
                        [
                            13.062915173276512,
                            52.4097690179403
                        ]
                    ]
                ],
                "type": "Polygon"
            }
        },
        {
            "type": "Feature",
            "geometry": {
                "coordinates": [
                    [
                        [
                            13.062064000026835,
                            52.40973213613398
                        ],
                        [
                            13.062137463563612,
                            52.409733340649616
                        ],
                        [
                            13.062139433165743,
                            52.409688414728706
                        ],
                        [
                            13.062065969703518,
                            52.40968721021502
                        ],
                        [
                            13.062064000026835,
                            52.40973213613398
                        ]
                    ]
                ],
                "type": "Polygon"
            }
        },
        {
            "type": "Feature",
            "geometry": {
                "coordinates": [
                    [
                        [
                            13.062043339756695,
                            52.40970032662757
                        ],
                        [
                            13.062116803239727,
                            52.40970153115553
                        ],
                        [
                            13.06211877286059,
                            52.40965660523492
                        ],
                        [
                            13.06204530945211,
                            52.40965540070889
                        ],
                        [
                            13.062043339756695,
                            52.40970032662757
                        ]
                    ]
                ],
                "type": "Polygon"
            }
        },
        {
            "type": "Feature",
            "geometry": {
                "coordinates": [
                    [
                        [
                            13.061999348496146,
                            52.40966408832256
                        ],
                        [
                            13.062072811917064,
                            52.40966529287727
                        ],
                        [
                            13.062074781580048,
                            52.40962036695756
                        ],
                        [
                            13.062001318233683,
                            52.40961916240479
                        ],
                        [
                            13.061999348496146,
                            52.40966408832256
                        ]
                    ]
                ],
                "type": "Polygon"
            }
        },
        {
            "type": "Feature",
            "geometry": {
                "coordinates": [
                    [
                        [
                            13.0620015523987,
                            52.409664124459866
                        ],
                        [
                            13.06207501581977,
                            52.409665329013215
                        ],
                        [
                            13.06207698548052,
                            52.40962040309344
                        ],
                        [
                            13.062003522133999,
                            52.40961919854203
                        ],
                        [
                            13.0620015523987,
                            52.409664124459866
                        ]
                    ]
                ],
                "type": "Polygon"
            }
        },
        {
            "type": "Feature",
            "geometry": {
                "coordinates": [
                    [
                        [
                            13.061974640880152,
                            52.40964075449997
                        ],
                        [
                            13.062048104261232,
                            52.40964195906966
                        ],
                        [
                            13.062050073947661,
                            52.40959703315042
                        ],
                        [
                            13.061976610641134,
                            52.409595828582674
                        ],
                        [
                            13.061974640880152,
                            52.40964075449997
                        ]
                    ]
                ],
                "type": "Polygon"
            }
        },
        {
            "type": "Feature",
            "geometry": {
                "coordinates": [
                    [
                        [
                            13.061956905365737,
                            52.40962607705708
                        ],
                        [
                            13.062023022385835,
                            52.40962716118156
                        ],
                        [
                            13.062024992096697,
                            52.40958223526288
                        ],
                        [
                            13.061958875143697,
                            52.409581151140145
                        ],
                        [
                            13.061956905365737,
                            52.40962607705708
                        ]
                    ]
                ],
                "type": "Polygon"
            }
        },
        {
            "type": "Feature",
            "geometry": {
                "coordinates": [
                    [
                        [
                            13.062708791561489,
                            52.409579957919405
                        ],
                        [
                            13.062782254873438,
                            52.409581162031984
                        ],
                        [
                            13.062784223809665,
                            52.4095362360928
                        ],
                        [
                            13.062710760572267,
                            52.40953503198216
                        ],
                        [
                            13.062708791561489,
                            52.409579957919405
                        ]
                    ]
                ],
                "type": "Polygon"
            }
        },
        {
            "type": "Feature",
            "geometry": {
                "coordinates": [
                    [
                        [
                            13.06296452995808,
                            52.40954863245906
                        ],
                        [
                            13.063037993229088,
                            52.409549836412246
                        ],
                        [
                            13.063039961903264,
                            52.409504910466026
                        ],
                        [
                            13.06296649870681,
                            52.409503706514776
                        ],
                        [
                            13.06296452995808,
                            52.40954863245906
                        ]
                    ]
                ],
                "type": "Polygon"
            }
        },
        {
            "type": "Feature",
            "geometry": {
                "coordinates": [
                    [
                        [
                            13.062271883800706,
                            52.40951794674462
                        ],
                        [
                            13.062345346990664,
                            52.409519151127675
                        ],
                        [
                            13.06234731636638,
                            52.4094742251996
                        ],
                        [
                            13.062273853250973,
                            52.4094730208185
                        ],
                        [
                            13.062271883800706,
                            52.40951794674462
                        ]
                    ]
                ],
                "type": "Polygon"
            }
        },
        {
            "type": "Feature",
            "geometry": {
                "coordinates": [
                    [
                        [
                            13.06206473147314,
                            52.40949746624355
                        ],
                        [
                            13.062138194620077,
                            52.40949867075498
                        ],
                        [
                            13.062140164204804,
                            52.40945374483226
                        ],
                        [
                            13.062066701132416,
                            52.409452540322775
                        ],
                        [
                            13.06206473147314,
                            52.40949746624355
                        ]
                    ]
                ],
                "type": "Polygon"
            }
        },
        {
            "type": "Feature",
            "geometry": {
                "coordinates": [
                    [
                        [
                            13.061963391734183,
                            52.40949490542449
                        ],
                        [
                            13.062036854872469,
                            52.40949610999883
                        ],
                        [
                            13.06203882455997,
                            52.409451184078776
                        ],
                        [
                            13.06196536149624,
                            52.40944997950637
                        ],
                        [
                            13.061963391734183,
                            52.40949490542449
                        ]
                    ]
                ],
                "type": "Polygon"
            }
        },
        {
            "type": "Feature",
            "geometry": {
                "coordinates": [
                    [
                        [
                            13.063111891465327,
                            52.409440450253726
                        ],
                        [
                            13.063185354563002,
                            52.40944165411363
                        ],
                        [
                            13.063187323079783,
                            52.409396728162676
                        ],
                        [
                            13.06311386005666,
                            52.40939552430471
                        ],
                        [
                            13.063111891465327,
                            52.409440450253726
                        ]
                    ]
                ],
                "type": "Polygon"
            }
        },
        {
            "type": "Feature",
            "geometry": {
                "coordinates": [
                    [
                        [
                            13.063224401822024,
                            52.409422961943456
                        ],
                        [
                            13.063297864895526,
                            52.409424165733164
                        ],
                        [
                            13.06329983329676,
                            52.409379239779085
                        ],
                        [
                            13.063226370297807,
                            52.40937803599131
                        ],
                        [
                            13.063224401822024,
                            52.409422961943456
                        ]
                    ]
                ],
                "type": "Polygon"
            }
        },
        {
            "type": "Feature",
            "geometry": {
                "coordinates": [
                    [
                        [
                            13.061967246642109,
                            52.40939021598876
                        ],
                        [
                            13.062029690161626,
                            52.409391239876406
                        ],
                        [
                            13.06203165984896,
                            52.40934631395575
                        ],
                        [
                            13.061969216392812,
                            52.40934529006974
                        ],
                        [
                            13.061967246642109,
                            52.40939021598876
                        ]
                    ]
                ],
                "type": "Polygon"
            }
        },
        {
            "type": "Feature",
            "geometry": {
                "coordinates": [
                    [
                        [
                            13.062517295089126,
                            52.40937001116949
                        ],
                        [
                            13.062590758043969,
                            52.409371215397705
                        ],
                        [
                            13.062592727159851,
                            52.409326289462
                        ],
                        [
                            13.062519264279558,
                            52.40932508523573
                        ],
                        [
                            13.062517295089126,
                            52.40937001116949
                        ]
                    ]
                ],
                "type": "Polygon"
            }
        },
        {
            "type": "Feature",
            "geometry": {
                "coordinates": [
                    [
                        [
                            13.062082209707961,
                            52.409232948926125
                        ],
                        [
                            13.062155672416209,
                            52.40923415342247
                        ],
                        [
                            13.062157641964394,
                            52.40918922749726
                        ],
                        [
                            13.062084179330698,
                            52.409188023002855
                        ],
                        [
                            13.062082209707961,
                            52.409232948926125
                        ]
                    ]
                ],
                "type": "Polygon"
            }
        },
        {
            "type": "Feature",
            "geometry": {
                "coordinates": [
                    [
                        [
                            13.062064690978138,
                            52.40921332964815
                        ],
                        [
                            13.06213815365303,
                            52.409214534155076
                        ],
                        [
                            13.062140123217622,
                            52.40916960823018
                        ],
                        [
                            13.06206666061728,
                            52.40916840372521
                        ],
                        [
                            13.062064690978138,
                            52.40921332964815
                        ]
                    ]
                ],
                "type": "Polygon"
            }
        },
        {
            "type": "Feature",
            "geometry": {
                "coordinates": [
                    [
                        [
                            13.06337758785932,
                            52.409232151752164
                        ],
                        [
                            13.06345105062247,
                            52.409233355443654
                        ],
                        [
                            13.063453018854531,
                            52.40918842948405
                        ],
                        [
                            13.06337955616593,
                            52.4091872257945
                        ],
                        [
                            13.06337758785932,
                            52.409232151752164
                        ]
                    ]
                ],
                "type": "Polygon"
            }
        },
        {
            "type": "Feature",
            "geometry": {
                "coordinates": [
                    [
                        [
                            13.063345271246176,
                            52.40919790357121
                        ],
                        [
                            13.063418733951028,
                            52.40919910728223
                        ],
                        [
                            13.06342070221349,
                            52.409154181323224
                        ],
                        [
                            13.063347239583189,
                            52.40915297761415
                        ],
                        [
                            13.063345271246176,
                            52.40919790357121
                        ]
                    ]
                ],
                "type": "Polygon"
            }
        },
        {
            "type": "Feature",
            "geometry": {
                "coordinates": [
                    [
                        [
                            13.062006435147966,
                            52.40915033210121
                        ],
                        [
                            13.06207989771567,
                            52.409151536643314
                        ],
                        [
                            13.062081867334975,
                            52.4091066107195
                        ],
                        [
                            13.062008404841821,
                            52.40910540617934
                        ],
                        [
                            13.062006435147966,
                            52.40915033210121
                        ]
                    ]
                ],
                "type": "Polygon"
            }
        },
        {
            "type": "Feature",
            "geometry": {
                "coordinates": [
                    [
                        [
                            13.064213593750402,
                            52.40914514067994
                        ],
                        [
                            13.06428705640527,
                            52.40914634385062
                        ],
                        [
                            13.064289023781798,
                            52.40910141786817
                        ],
                        [
                            13.064215561201479,
                            52.409100214699436
                        ],
                        [
                            13.064213593750402,
                            52.40914514067994
                        ]
                    ]
                ],
                "type": "Polygon"
            }
        },
        {
            "type": "Feature",
            "geometry": {
                "coordinates": [
                    [
                        [
                            13.062154388477307,
                            52.40902867331555
                        ],
                        [
                            13.062227850849323,
                            52.40902987776377
                        ],
                        [
                            13.062229820309675,
                            52.40898495183508
                        ],
                        [
                            13.062156358012208,
                            52.40898374738879
                        ],
                        [
                            13.062154388477307,
                            52.40902867331555
                        ]
                    ]
                ],
                "type": "Polygon"
            }
        },
        {
            "type": "Feature",
            "geometry": {
                "coordinates": [
                    [
                        [
                            13.06351685405542,
                            52.40904021413649
                        ],
                        [
                            13.063590316505747,
                            52.409041417738386
                        ],
                        [
                            13.063592284582699,
                            52.40899649177362
                        ],
                        [
                            13.063518822206921,
                            52.408995288173664
                        ],
                        [
                            13.06351685405542,
                            52.40904021413649
                        ]
                    ]
                ],
                "type": "Polygon"
            }
        },
        {
            "type": "Feature",
            "geometry": {
                "coordinates": [
                    [
                        [
                            13.06332637116439,
                            52.40894133208047
                        ],
                        [
                            13.063399833442181,
                            52.408942535799135
                        ],
                        [
                            13.06340180170564,
                            52.408897609838675
                        ],
                        [
                            13.0633283395024,
                            52.40889640612194
                        ],
                        [
                            13.06332637116439,
                            52.40894133208047
                        ]
                    ]
                ],
                "type": "Polygon"
            }
        },
        {
            "type": "Feature",
            "geometry": {
                "coordinates": [
                    [
                        [
                            13.06256478425206,
                            52.40892390497499
                        ],
                        [
                            13.062638246467843,
                            52.408925109166574
                        ],
                        [
                            13.06264021550381,
                            52.40888018322619
                        ],
                        [
                            13.062566753362576,
                            52.40887897903655
                        ],
                        [
                            13.06256478425206,
                            52.40892390497499
                        ]
                    ]
                ],
                "type": "Polygon"
            }
        },
        {
            "type": "Feature",
            "geometry": {
                "coordinates": [
                    [
                        [
                            13.063268362706438,
                            52.40890621330765
                        ],
                        [
                            13.063341824923366,
                            52.40890741706181
                        ],
                        [
                            13.063343793243268,
                            52.40886249110262
                        ],
                        [
                            13.063270331100888,
                            52.4088612873504
                        ],
                        [
                            13.063268362706438,
                            52.40890621330765
                        ]
                    ]
                ],
                "type": "Polygon"
            }
        },
        {
            "type": "Feature",
            "geometry": {
                "coordinates": [
                    [
                        [
                            13.063216290366395,
                            52.40886984303324
                        ],
                        [
                            13.063289752520642,
                            52.40887104681917
                        ],
                        [
                            13.063291720890867,
                            52.408826120861065
                        ],
                        [
                            13.063218258811169,
                            52.408824917077084
                        ],
                        [
                            13.063216290366395,
                            52.40886984303324
                        ]
                    ]
                ],
                "type": "Polygon"
            }
        },
        {
            "type": "Feature",
            "geometry": {
                "coordinates": [
                    [
                        [
                            13.06333392823208,
                            52.408869522770864
                        ],
                        [
                            13.0634073903909,
                            52.40887072648369
                        ],
                        [
                            13.063409358641588,
                            52.40882580052247
                        ],
                        [
                            13.063335896557316,
                            52.408824596811584
                        ],
                        [
                            13.06333392823208,
                            52.408869522770864
                        ]
                    ]
                ],
                "type": "Polygon"
            }
        },
        {
            "type": "Feature",
            "geometry": {
                "coordinates": [
                    [
                        [
                            13.063293334243486,
                            52.40883963476137
                        ],
                        [
                            13.063366796350893,
                            52.408840838498946
                        ],
                        [
                            13.0633687646407,
                            52.40879591253857
                        ],
                        [
                            13.063295302607843,
                            52.40879470880294
                        ],
                        [
                            13.063293334243486,
                            52.40883963476137
                        ]
                    ]
                ],
                "type": "Polygon"
            }
        },
        {
            "type": "Feature",
            "geometry": {
                "coordinates": [
                    [
                        [
                            13.063643013921165,
                            52.40884536414393
                        ],
                        [
                            13.063716476053264,
                            52.408846567664334
                        ],
                        [
                            13.063718443988217,
                            52.40880164169472
                        ],
                        [
                            13.063644981930668,
                            52.408800438176264
                        ],
                        [
                            13.063643013921165,
                            52.40884536414393
                        ]
                    ]
                ],
                "type": "Polygon"
            }
        },
        {
            "type": "Feature",
            "geometry": {
                "coordinates": [
                    [
                        [
                            13.063246023996376,
                            52.408795250053274
                        ],
                        [
                            13.063319486027995,
                            52.408796453819534
                        ],
                        [
                            13.063321454362718,
                            52.408751527860076
                        ],
                        [
                            13.063247992405648,
                            52.40875032409576
                        ],
                        [
                            13.063246023996376,
                            52.408795250053274
                        ]
                    ]
                ],
                "type": "Polygon"
            }
        },
        {
            "type": "Feature",
            "geometry": {
                "coordinates": [
                    [
                        [
                            13.063247493236958,
                            52.408795274129055
                        ],
                        [
                            13.06332095526868,
                            52.408796477894384
                        ],
                        [
                            13.06332292360191,
                            52.408751551934905
                        ],
                        [
                            13.063249461644737,
                            52.408750348171495
                        ],
                        [
                            13.063247493236958,
                            52.408795274129055
                        ]
                    ]
                ],
                "type": "Polygon"
            }
        }
    ],
    "type": "FeatureCollection",
    "crs": {
        "type": "name",
        "properties": {
            "name": "epsg:4326"
        }
    }
}