{
    "features": [
        {
            "type": "Feature",
            "geometry": {
                "coordinates": [
                    [
                        [
                            13.050662141322467,
                            52.411203596816456
                        ],
                        [
                            13.05073560680741,
                            52.41120480843993
                        ],
                        [
                            13.050737290905424,
                            52.41116662167485
                        ],
                        [
                            13.050663825483856,
                            52.411165410053044
                        ],
                        [
                            13.050662141322467,
                            52.411203596816456
                        ]
                    ]
                ],
                "type": "Polygon"
            }
        },
        {
            "type": "Feature",
            "geometry": {
                "coordinates": [
                    [
                        [
                            13.051072813450283,
                            52.41121036920633
                        ],
                        [
                            13.051146278964412,
                            52.41121158057476
                        ],
                        [
                            13.051147962708168,
                            52.4111733938004
                        ],
                        [
                            13.051074497257412,
                            52.411172182433624
                        ],
                        [
                            13.051072813450283,
                            52.41121036920633
                        ]
                    ]
                ],
                "type": "Polygon"
            }
        },
        {
            "type": "Feature",
            "geometry": {
                "coordinates": [
                    [
                        [
                            13.050178418731129,
                            52.41116954211438
                        ],
                        [
                            13.050251884138358,
                            52.41117075403786
                        ],
                        [
                            13.050253865918796,
                            52.41112582844452
                        ],
                        [
                            13.050180400586125,
                            52.41112461652299
                        ],
                        [
                            13.050178418731129,
                            52.41116954211438
                        ]
                    ]
                ],
                "type": "Polygon"
            }
        },
        {
            "type": "Feature",
            "geometry": {
                "coordinates": [
                    [
                        [
                            13.04926131210414,
                            52.411143619210286
                        ],
                        [
                            13.049334777428218,
                            52.411144831703176
                        ],
                        [
                            13.049336760138617,
                            52.411099906134154
                        ],
                        [
                            13.049263294889096,
                            52.41109869364322
                        ],
                        [
                            13.04926131210414,
                            52.411143619210286
                        ]
                    ]
                ],
                "type": "Polygon"
            }
        },
        {
            "type": "Feature",
            "geometry": {
                "coordinates": [
                    [
                        [
                            13.050262862915881,
                            52.41115519974579
                        ],
                        [
                            13.050336328302969,
                            52.41115641161657
                        ],
                        [
                            13.050338309996581,
                            52.41111148602086
                        ],
                        [
                            13.050264844684051,
                            52.41111027415204
                        ],
                        [
                            13.050262862915881,
                            52.41115519974579
                        ]
                    ]
                ],
                "type": "Polygon"
            }
        },
        {
            "type": "Feature",
            "geometry": {
                "coordinates": [
                    [
                        [
                            13.050296974071061,
                            52.4111485691169
                        ],
                        [
                            13.050370439448624,
                            52.41114978096637
                        ],
                        [
                            13.050372421107108,
                            52.41110485536971
                        ],
                        [
                            13.050298955804102,
                            52.411103643522175
                        ],
                        [
                            13.050296974071061,
                            52.4111485691169
                        ]
                    ]
                ],
                "type": "Polygon"
            }
        },
        {
            "type": "Feature",
            "geometry": {
                "coordinates": [
                    [
                        [
                            13.05039640994451,
                            52.41114436477528
                        ],
                        [
                            13.050469875319429,
                            52.411145576562916
                        ],
                        [
                            13.050471856876582,
                            52.411100650963554
                        ],
                        [
                            13.050398391576218,
                            52.41109943917788
                        ],
                        [
                            13.05039640994451,
                            52.41114436477528
                        ]
                    ]
                ],
                "type": "Polygon"
            }
        },
        {
            "type": "Feature",
            "geometry": {
                "coordinates": [
                    [
                        [
                            13.050337021896327,
                            52.41114068765811
                        ],
                        [
                            13.050410487262544,
                            52.41114189948259
                        ],
                        [
                            13.050412468879772,
                            52.411096973884796
                        ],
                        [
                            13.050339003588116,
                            52.41109576206227
                        ],
                        [
                            13.050337021896327,
                            52.41114068765811
                        ]
                    ]
                ],
                "type": "Polygon"
            }
        },
        {
            "type": "Feature",
            "geometry": {
                "coordinates": [
                    [
                        [
                            13.05099644224347,
                            52.41114167245775
                        ],
                        [
                            13.051069907640123,
                            52.411142883872515
                        ],
                        [
                            13.05107188858743,
                            52.411097958257116
                        ],
                        [
                            13.05099842326533,
                            52.4110967468443
                        ],
                        [
                            13.05099644224347,
                            52.41114167245775
                        ]
                    ]
                ],
                "type": "Polygon"
            }
        },
        {
            "type": "Feature",
            "geometry": {
                "coordinates": [
                    [
                        [
                            13.050484487651017,
                            52.41113098134953
                        ],
                        [
                            13.050557953007548,
                            52.41113219308222
                        ],
                        [
                            13.050559934474256,
                            52.411087267480404
                        ],
                        [
                            13.05048646919228,
                            52.41108605574967
                        ],
                        [
                            13.050484487651017,
                            52.41113098134953
                        ]
                    ]
                ],
                "type": "Polygon"
            }
        },
        {
            "type": "Feature",
            "geometry": {
                "coordinates": [
                    [
                        [
                            13.050434689739108,
                            52.41112656329738
                        ],
                        [
                            13.050508155086122,
                            52.41112777506093
                        ],
                        [
                            13.050510136603112,
                            52.41108284946042
                        ],
                        [
                            13.050436671330653,
                            52.41108163769881
                        ],
                        [
                            13.050434689739108,
                            52.41112656329738
                        ]
                    ]
                ],
                "type": "Polygon"
            }
        },
        {
            "type": "Feature",
            "geometry": {
                "coordinates": [
                    [
                        [
                            13.050118848263903,
                            52.411120004426465
                        ],
                        [
                            13.050192313586221,
                            52.41112121638614
                        ],
                        [
                            13.050194295423646,
                            52.411076290794036
                        ],
                        [
                            13.050120830175883,
                            52.4110750788363
                        ],
                        [
                            13.050118848263903,
                            52.411120004426465
                        ]
                    ]
                ],
                "type": "Polygon"
            }
        },
        {
            "type": "Feature",
            "geometry": {
                "coordinates": [
                    [
                        [
                            13.050522390913356,
                            52.41112171570675
                        ],
                        [
                            13.050595856256148,
                            52.41112292741574
                        ],
                        [
                            13.05059783768368,
                            52.411078001812854
                        ],
                        [
                            13.050524372415445,
                            52.411076790105824
                        ],
                        [
                            13.050522390913356,
                            52.41112171570675
                        ]
                    ]
                ],
                "type": "Polygon"
            }
        },
        {
            "type": "Feature",
            "geometry": {
                "coordinates": [
                    [
                        [
                            13.050696837484878,
                            52.41108368084947
                        ],
                        [
                            13.050770302772094,
                            52.41108489244948
                        ],
                        [
                            13.050772284019667,
                            52.411039966841614
                        ],
                        [
                            13.050698818807005,
                            52.41103875524359
                        ],
                        [
                            13.050696837484878,
                            52.41108368084947
                        ]
                    ]
                ],
                "type": "Polygon"
            }
        },
        {
            "type": "Feature",
            "geometry": {
                "coordinates": [
                    [
                        [
                            13.050734483096488,
                            52.41108025546658
                        ],
                        [
                            13.050807948379658,
                            52.411081467043125
                        ],
                        [
                            13.050809929588736,
                            52.41103654143424
                        ],
                        [
                            13.050736464380122,
                            52.41103532985966
                        ],
                        [
                            13.050734483096488,
                            52.41108025546658
                        ]
                    ]
                ],
                "type": "Polygon"
            }
        },
        {
            "type": "Feature",
            "geometry": {
                "coordinates": [
                    [
                        [
                            13.050787059505883,
                            52.41107168131291
                        ],
                        [
                            13.050860524777104,
                            52.41107289285664
                        ],
                        [
                            13.050862505932152,
                            52.4110279672463
                        ],
                        [
                            13.050789040735486,
                            52.41102675570451
                        ],
                        [
                            13.050787059505883,
                            52.41107168131291
                        ]
                    ]
                ],
                "type": "Polygon"
            }
        },
        {
            "type": "Feature",
            "geometry": {
                "coordinates": [
                    [
                        [
                            13.050821329017346,
                            52.41106145648251
                        ],
                        [
                            13.050894794273074,
                            52.41106266800479
                        ],
                        [
                            13.050896775392571,
                            52.41101774239345
                        ],
                        [
                            13.050823310211399,
                            52.41101653087312
                        ],
                        [
                            13.050821329017346,
                            52.41106145648251
                        ]
                    ]
                ],
                "type": "Polygon"
            }
        },
        {
            "type": "Feature",
            "geometry": {
                "coordinates": [
                    [
                        [
                            13.050907103425121,
                            52.41105028267289
                        ],
                        [
                            13.05098056866603,
                            52.4110514941417
                        ],
                        [
                            13.050982549697581,
                            52.41100656852799
                        ],
                        [
                            13.050909084531227,
                            52.411005357061136
                        ],
                        [
                            13.050907103425121,
                            52.41105028267289
                        ]
                    ]
                ],
                "type": "Polygon"
            }
        },
        {
            "type": "Feature",
            "geometry": {
                "coordinates": [
                    [
                        [
                            13.050943457985424,
                            52.411042789688054
                        ],
                        [
                            13.051016923215473,
                            52.41104400113414
                        ],
                        [
                            13.051018904209549,
                            52.410999075519406
                        ],
                        [
                            13.050945439054058,
                            52.41099786407525
                        ],
                        [
                            13.050943457985424,
                            52.411042789688054
                        ]
                    ]
                ],
                "type": "Polygon"
            }
        },
        {
            "type": "Feature",
            "geometry": {
                "coordinates": [
                    [
                        [
                            13.050829618445377,
                            52.410956840389
                        ],
                        [
                            13.050903083527652,
                            52.410958051904444
                        ],
                        [
                            13.050905064631255,
                            52.41091312629209
                        ],
                        [
                            13.050831599623535,
                            52.41091191477859
                        ],
                        [
                            13.050829618445377,
                            52.410956840389
                        ]
                    ]
                ],
                "type": "Polygon"
            }
        },
        {
            "type": "Feature",
            "geometry": {
                "coordinates": [
                    [
                        [
                            13.05292537177661,
                            52.41092934117788
                        ],
                        [
                            13.05299883690468,
                            52.41093055139074
                        ],
                        [
                            13.053000815876969,
                            52.41088562572222
                        ],
                        [
                            13.052927350823458,
                            52.41088441551131
                        ],
                        [
                            13.05292537177661,
                            52.41092934117788
                        ]
                    ]
                ],
                "type": "Polygon"
            }
        },
        {
            "type": "Feature",
            "geometry": {
                "coordinates": [
                    [
                        [
                            13.053022820694862,
                            52.410920156488665
                        ],
                        [
                            13.053077919532168,
                            52.410921064107065
                        ],
                        [
                            13.053079898423432,
                            52.410876138436365
                        ],
                        [
                            13.053024799642044,
                            52.41087523081943
                        ],
                        [
                            13.053022820694862,
                            52.410920156488665
                        ]
                    ]
                ],
                "type": "Polygon"
            }
        },
        {
            "type": "Feature",
            "geometry": {
                "coordinates": [
                    [
                        [
                            13.052911445790222,
                            52.410878308922165
                        ],
                        [
                            13.052984910832896,
                            52.41087951914286
                        ],
                        [
                            13.052986889815696,
                            52.41083459347433
                        ],
                        [
                            13.05291342484758,
                            52.410833383255586
                        ],
                        [
                            13.052911445790222,
                            52.410878308922165
                        ]
                    ]
                ],
                "type": "Polygon"
            }
        },
        {
            "type": "Feature",
            "geometry": {
                "coordinates": [
                    [
                        [
                            13.052883022364037,
                            52.410805907447866
                        ],
                        [
                            13.05295648728518,
                            52.410807117685046
                        ],
                        [
                            13.052958466291692,
                            52.41076219201673
                        ],
                        [
                            13.052885001445107,
                            52.410760981781486
                        ],
                        [
                            13.052883022364037,
                            52.410805907447866
                        ]
                    ]
                ],
                "type": "Polygon"
            }
        },
        {
            "type": "Feature",
            "geometry": {
                "coordinates": [
                    [
                        [
                            13.04999013648037,
                            52.41075461798356
                        ],
                        [
                            13.050063601189986,
                            52.41075583001735
                        ],
                        [
                            13.05006558313208,
                            52.410710904425876
                        ],
                        [
                            13.049992118497018,
                            52.410709692394036
                        ],
                        [
                            13.04999013648037,
                            52.41075461798356
                        ]
                    ]
                ],
                "type": "Polygon"
            }
        },
        {
            "type": "Feature",
            "geometry": {
                "coordinates": [
                    [
                        [
                            13.052979219407582,
                            52.41079175676324
                        ],
                        [
                            13.053052684309408,
                            52.41079296694044
                        ],
                        [
                            13.053054663217173,
                            52.41074804126943
                        ],
                        [
                            13.052981198389903,
                            52.41074683109418
                        ],
                        [
                            13.052979219407582,
                            52.41079175676324
                        ]
                    ]
                ],
                "type": "Polygon"
            }
        },
        {
            "type": "Feature",
            "geometry": {
                "coordinates": [
                    [
                        [
                            13.05008039764359,
                            52.4107417204693
                        ],
                        [
                            13.050153862335721,
                            52.4107429324468
                        ],
                        [
                            13.050155844185184,
                            52.410698006852826
                        ],
                        [
                            13.05008237956761,
                            52.41069679487727
                        ],
                        [
                            13.05008039764359,
                            52.4107417204693
                        ]
                    ]
                ],
                "type": "Polygon"
            }
        },
        {
            "type": "Feature",
            "geometry": {
                "coordinates": [
                    [
                        [
                            13.050188528095173,
                            52.41072372267943
                        ],
                        [
                            13.050261992762124,
                            52.41072493458947
                        ],
                        [
                            13.050263974500442,
                            52.41068000899244
                        ],
                        [
                            13.050190509908044,
                            52.41067879708437
                        ],
                        [
                            13.050188528095173,
                            52.41072372267943
                        ]
                    ]
                ],
                "type": "Polygon"
            }
        },
        {
            "type": "Feature",
            "geometry": {
                "coordinates": [
                    [
                        [
                            13.051059819381551,
                            52.41073809299408
                        ],
                        [
                            13.051133284110437,
                            52.410739304362984
                        ],
                        [
                            13.051135264964527,
                            52.41069437874281
                        ],
                        [
                            13.051061800310197,
                            52.410693167375854
                        ],
                        [
                            13.051059819381551,
                            52.41073809299408
                        ]
                    ]
                ],
                "type": "Polygon"
            }
        },
        {
            "type": "Feature",
            "geometry": {
                "coordinates": [
                    [
                        [
                            13.05286877980671,
                            52.41076206329359
                        ],
                        [
                            13.052942244654385,
                            52.41076327353892
                        ],
                        [
                            13.05294422367224,
                            52.41071834787065
                        ],
                        [
                            13.052870758899122,
                            52.41071713762725
                        ],
                        [
                            13.05286877980671,
                            52.41076206329359
                        ]
                    ]
                ],
                "type": "Polygon"
            }
        },
        {
            "type": "Feature",
            "geometry": {
                "coordinates": [
                    [
                        [
                            13.052968768739554,
                            52.41074527758978
                        ],
                        [
                            13.053042233563703,
                            52.410746487772734
                        ],
                        [
                            13.05304421247877,
                            52.41070156210166
                        ],
                        [
                            13.052970747729178,
                            52.41070035192066
                        ],
                        [
                            13.052968768739554,
                            52.41074527758978
                        ]
                    ]
                ],
                "type": "Polygon"
            }
        },
        {
            "type": "Feature",
            "geometry": {
                "coordinates": [
                    [
                        [
                            13.051045301326653,
                            52.41070053822405
                        ],
                        [
                            13.051118765992511,
                            52.41070174960138
                        ],
                        [
                            13.051120746858672,
                            52.41065682398129
                        ],
                        [
                            13.05104728226737,
                            52.410655612605915
                        ],
                        [
                            13.051045301326653,
                            52.41070053822405
                        ]
                    ]
                ],
                "type": "Polygon"
            }
        },
        {
            "type": "Feature",
            "geometry": {
                "coordinates": [
                    [
                        [
                            13.052844009965497,
                            52.41069017157992
                        ],
                        [
                            13.052917474692643,
                            52.4106913818395
                        ],
                        [
                            13.052919453730539,
                            52.41064645617133
                        ],
                        [
                            13.052845989077946,
                            52.41064524591371
                        ],
                        [
                            13.052844009965497,
                            52.41069017157992
                        ]
                    ]
                ],
                "type": "Polygon"
            }
        },
        {
            "type": "Feature",
            "geometry": {
                "coordinates": [
                    [
                        [
                            13.05102949228974,
                            52.410658915918475
                        ],
                        [
                            13.051102956885751,
                            52.410660127304965
                        ],
                        [
                            13.051104937765,
                            52.41061520168498
                        ],
                        [
                            13.051031473243544,
                            52.41061399030046
                        ],
                        [
                            13.05102949228974,
                            52.410658915918475
                        ]
                    ]
                ],
                "type": "Polygon"
            }
        },
        {
            "type": "Feature",
            "geometry": {
                "coordinates": [
                    [
                        [
                            13.052945010452419,
                            52.410667108403956
                        ],
                        [
                            13.053018475145656,
                            52.41066831860039
                        ],
                        [
                            13.053020454079286,
                            52.41062339292936
                        ],
                        [
                            13.052946989460604,
                            52.410622182734855
                        ],
                        [
                            13.052945010452419,
                            52.410667108403956
                        ]
                    ]
                ],
                "type": "Polygon"
            }
        },
        {
            "type": "Feature",
            "geometry": {
                "coordinates": [
                    [
                        [
                            13.04898088133168,
                            52.410568020122184
                        ],
                        [
                            13.049054345687162,
                            52.41056923278005
                        ],
                        [
                            13.04905632864134,
                            52.410524307214125
                        ],
                        [
                            13.048982864360415,
                            52.41052309455821
                        ],
                        [
                            13.04898088133168,
                            52.410568020122184
                        ]
                    ]
                ],
                "type": "Polygon"
            }
        },
        {
            "type": "Feature",
            "geometry": {
                "coordinates": [
                    [
                        [
                            13.05099314947711,
                            52.41058278671407
                        ],
                        [
                            13.05106661394505,
                            52.41058399812191
                        ],
                        [
                            13.051068594855789,
                            52.41053907250233
                        ],
                        [
                            13.050995130462402,
                            52.410537861096444
                        ],
                        [
                            13.05099314947711,
                            52.41058278671407
                        ]
                    ]
                ],
                "type": "Polygon"
            }
        },
        {
            "type": "Feature",
            "geometry": {
                "coordinates": [
                    [
                        [
                            13.049317205139317,
                            52.41051018016442
                        ],
                        [
                            13.049390669413405,
                            52.41051139261239
                        ],
                        [
                            13.04939265202174,
                            52.41046646703702
                        ],
                        [
                            13.049319187822208,
                            52.41046525459102
                        ],
                        [
                            13.049317205139317,
                            52.41051018016442
                        ]
                    ]
                ],
                "type": "Polygon"
            }
        },
        {
            "type": "Feature",
            "geometry": {
                "coordinates": [
                    [
                        [
                            13.050949676602116,
                            52.41048495994268
                        ],
                        [
                            13.051023140905626,
                            52.41048617137595
                        ],
                        [
                            13.051025121853547,
                            52.41044124575678
                        ],
                        [
                            13.05095165762459,
                            52.41044003432546
                        ],
                        [
                            13.050949676602116,
                            52.41048495994268
                        ]
                    ]
                ],
                "type": "Polygon"
            }
        },
        {
            "type": "Feature",
            "geometry": {
                "coordinates": [
                    [
                        [
                            13.049411771455155,
                            52.410449698422475
                        ],
                        [
                            13.049485235632888,
                            52.410450910810724
                        ],
                        [
                            13.049487218140822,
                            52.410405985232366
                        ],
                        [
                            13.04941375403764,
                            52.410404772846086
                        ],
                        [
                            13.049411771455155,
                            52.410449698422475
                        ]
                    ]
                ],
                "type": "Polygon"
            }
        },
        {
            "type": "Feature",
            "geometry": {
                "coordinates": [
                    [
                        [
                            13.04961840404541,
                            52.410448612559236
                        ],
                        [
                            13.04969186823037,
                            52.410449824819075
                        ],
                        [
                            13.049693850528284,
                            52.410404899235196
                        ],
                        [
                            13.049620386417876,
                            52.41040368697731
                        ],
                        [
                            13.04961840404541,
                            52.410448612559236
                        ]
                    ]
                ],
                "type": "Polygon"
            }
        },
        {
            "type": "Feature",
            "geometry": {
                "coordinates": [
                    [
                        [
                            13.05276864724753,
                            52.41046503781124
                        ],
                        [
                            13.052842111597347,
                            52.41046624811401
                        ],
                        [
                            13.052844090695748,
                            52.41042132244613
                        ],
                        [
                            13.052770626420488,
                            52.4104201121453
                        ],
                        [
                            13.05276864724753,
                            52.41046503781124
                        ]
                    ]
                ],
                "type": "Polygon"
            }
        },
        {
            "type": "Feature",
            "geometry": {
                "coordinates": [
                    [
                        [
                            13.049779723031527,
                            52.41039147995366
                        ],
                        [
                            13.049853187128615,
                            52.410392692112346
                        ],
                        [
                            13.049855169258544,
                            52.41034776652372
                        ],
                        [
                            13.04978170523601,
                            52.41034655436699
                        ],
                        [
                            13.049779723031527,
                            52.41039147995366
                        ]
                    ]
                ],
                "type": "Polygon"
            }
        },
        {
            "type": "Feature",
            "geometry": {
                "coordinates": [
                    [
                        [
                            13.052754921837254,
                            52.41042614756953
                        ],
                        [
                            13.052828386121856,
                            52.410427357880224
                        ],
                        [
                            13.052830365231427,
                            52.4103824322124
                        ],
                        [
                            13.05275690102138,
                            52.410381221903656
                        ],
                        [
                            13.052754921837254,
                            52.41042614756953
                        ]
                    ]
                ],
                "type": "Polygon"
            }
        },
        {
            "type": "Feature",
            "geometry": {
                "coordinates": [
                    [
                        [
                            13.052725047115503,
                            52.41033663799427
                        ],
                        [
                            13.052798511250087,
                            52.410337848322094
                        ],
                        [
                            13.052800490383627,
                            52.410292922654385
                        ],
                        [
                            13.052727026323595,
                            52.41029171232853
                        ],
                        [
                            13.052725047115503,
                            52.41033663799427
                        ]
                    ]
                ],
                "type": "Polygon"
            }
        },
        {
            "type": "Feature",
            "geometry": {
                "coordinates": [
                    [
                        [
                            13.050455206080184,
                            52.410294723817664
                        ],
                        [
                            13.050528670046033,
                            52.410295935555105
                        ],
                        [
                            13.050530651482756,
                            52.410251009947686
                        ],
                        [
                            13.050457187591459,
                            52.4102497982122
                        ],
                        [
                            13.050455206080184,
                            52.410294723817664
                        ]
                    ]
                ],
                "type": "Polygon"
            }
        },
        {
            "type": "Feature",
            "geometry": {
                "coordinates": [
                    [
                        [
                            13.05283617587052,
                            52.41033397300485
                        ],
                        [
                            13.052909640005524,
                            52.41033518326358
                        ],
                        [
                            13.052911619025966,
                            52.41029025759289
                        ],
                        [
                            13.052838154965514,
                            52.41028904733612
                        ],
                        [
                            13.05283617587052,
                            52.41033397300485
                        ]
                    ]
                ],
                "type": "Polygon"
            }
        },
        {
            "type": "Feature",
            "geometry": {
                "coordinates": [
                    [
                        [
                            13.050358669607839,
                            52.41028324062179
                        ],
                        [
                            13.050432133550393,
                            52.41028445241903
                        ],
                        [
                            13.050434115084375,
                            52.4102395268141
                        ],
                        [
                            13.050360651216375,
                            52.41023831501881
                        ],
                        [
                            13.050358669607839,
                            52.41028324062179
                        ]
                    ]
                ],
                "type": "Polygon"
            }
        },
        {
            "type": "Feature",
            "geometry": {
                "coordinates": [
                    [
                        [
                            13.052716780939924,
                            52.41029064436596
                        ],
                        [
                            13.052790244997732,
                            52.410291854698166
                        ],
                        [
                            13.052792224136388,
                            52.410246929030336
                        ],
                        [
                            13.052718760153132,
                            52.41024571870008
                        ],
                        [
                            13.052716780939924,
                            52.41029064436596
                        ]
                    ]
                ],
                "type": "Polygon"
            }
        },
        {
            "type": "Feature",
            "geometry": {
                "coordinates": [
                    [
                        [
                            13.049750425579475,
                            52.41023903749793
                        ],
                        [
                            13.049823889422015,
                            52.41024024967237
                        ],
                        [
                            13.049825871570818,
                            52.41019532408336
                        ],
                        [
                            13.049752407802831,
                            52.41019411191086
                        ],
                        [
                            13.049750425579475,
                            52.41023903749793
                        ]
                    ]
                ],
                "type": "Polygon"
            }
        },
        {
            "type": "Feature",
            "geometry": {
                "coordinates": [
                    [
                        [
                            13.049483571221199,
                            52.41020541104712
                        ],
                        [
                            13.049557034996209,
                            52.41020662338683
                        ],
                        [
                            13.049559017413733,
                            52.4101616978047
                        ],
                        [
                            13.049485553713277,
                            52.410160485466946
                        ],
                        [
                            13.049483571221199,
                            52.41020541104712
                        ]
                    ]
                ],
                "type": "Polygon"
            }
        },
        {
            "type": "Feature",
            "geometry": {
                "coordinates": [
                    [
                        [
                            13.04972604134353,
                            52.41020851308326
                        ],
                        [
                            13.04979950513429,
                            52.41020972527237
                        ],
                        [
                            13.049801487305688,
                            52.41016479968377
                        ],
                        [
                            13.049728023589479,
                            52.41016358749662
                        ],
                        [
                            13.04972604134353,
                            52.41020851308326
                        ]
                    ]
                ],
                "type": "Polygon"
            }
        },
        {
            "type": "Feature",
            "geometry": {
                "coordinates": [
                    [
                        [
                            13.05083026210322,
                            52.41022537970646
                        ],
                        [
                            13.050903725970242,
                            52.41022659120975
                        ],
                        [
                            13.050905707020954,
                            52.41018166559179
                        ],
                        [
                            13.050832243228482,
                            52.41018045409045
                        ],
                        [
                            13.05083026210322,
                            52.41022537970646
                        ]
                    ]
                ],
                "type": "Polygon"
            }
        },
        {
            "type": "Feature",
            "geometry": {
                "coordinates": [
                    [
                        [
                            13.049891888594,
                            52.41018202668937
                        ],
                        [
                            13.049965352348003,
                            52.410183238775
                        ],
                        [
                            13.049967334349006,
                            52.410138313181776
                        ],
                        [
                            13.049893870669553,
                            52.410137101098094
                        ],
                        [
                            13.049891888594,
                            52.41018202668937
                        ]
                    ]
                ],
                "type": "Polygon"
            }
        },
        {
            "type": "Feature",
            "geometry": {
                "coordinates": [
                    [
                        [
                            13.05281533205301,
                            52.41022303225941
                        ],
                        [
                            13.052888796002787,
                            52.4102242425293
                        ],
                        [
                            13.05289077503649,
                            52.410179316858326
                        ],
                        [
                            13.052817311161265,
                            52.41017810659038
                        ],
                        [
                            13.05281533205301,
                            52.41022303225941
                        ]
                    ]
                ],
                "type": "Polygon"
            }
        },
        {
            "type": "Feature",
            "geometry": {
                "coordinates": [
                    [
                        [
                            13.049874951027117,
                            52.4101660118253
                        ],
                        [
                            13.049948414753773,
                            52.410167223921185
                        ],
                        [
                            13.04995039677084,
                            52.41012229832829
                        ],
                        [
                            13.049876933118737,
                            52.41012108623434
                        ],
                        [
                            13.049874951027117,
                            52.4101660118253
                        ]
                    ]
                ],
                "type": "Polygon"
            }
        },
        {
            "type": "Feature",
            "geometry": {
                "coordinates": [
                    [
                        [
                            13.050905707020954,
                            52.41018166559179
                        ],
                        [
                            13.050979170818644,
                            52.41018287704751
                        ],
                        [
                            13.05098115178958,
                            52.41013795142719
                        ],
                        [
                            13.050907688066442,
                            52.410136739973424
                        ],
                        [
                            13.050905707020954,
                            52.41018166559179
                        ]
                    ]
                ],
                "type": "Polygon"
            }
        },
        {
            "type": "Feature",
            "geometry": {
                "coordinates": [
                    [
                        [
                            13.051130365866214,
                            52.41017188270184
                        ],
                        [
                            13.051203829657462,
                            52.410173094017814
                        ],
                        [
                            13.051205810399445,
                            52.410128168391424
                        ],
                        [
                            13.05113234668275,
                            52.4101269570774
                        ],
                        [
                            13.051130365866214,
                            52.41017188270184
                        ]
                    ]
                ],
                "type": "Polygon"
            }
        },
        {
            "type": "Feature",
            "geometry": {
                "coordinates": [
                    [
                        [
                            13.049653703943724,
                            52.4101317894984
                        ],
                        [
                            13.049727167603857,
                            52.41013300173121
                        ],
                        [
                            13.049729149843264,
                            52.41008807614394
                        ],
                        [
                            13.049655686257687,
                            52.4100868639131
                        ],
                        [
                            13.049653703943724,
                            52.4101317894984
                        ]
                    ]
                ],
                "type": "Polygon"
            }
        },
        {
            "type": "Feature",
            "geometry": {
                "coordinates": [
                    [
                        [
                            13.049833113854378,
                            52.410131153219105
                        ],
                        [
                            13.049906577521293,
                            52.41013236534044
                        ],
                        [
                            13.049908559578375,
                            52.41008743974839
                        ],
                        [
                            13.049835095986012,
                            52.41008622762901
                        ],
                        [
                            13.049833113854378,
                            52.410131153219105
                        ]
                    ]
                ],
                "type": "Polygon"
            }
        },
        {
            "type": "Feature",
            "geometry": {
                "coordinates": [
                    [
                        [
                            13.052702190602153,
                            52.41017126455439
                        ],
                        [
                            13.052775654460985,
                            52.41017247489374
                        ],
                        [
                            13.052777633605947,
                            52.41012754922541
                        ],
                        [
                            13.052704169821666,
                            52.410126338887984
                        ],
                        [
                            13.052702190602153,
                            52.41017126455439
                        ]
                    ]
                ],
                "type": "Polygon"
            }
        },
        {
            "type": "Feature",
            "geometry": {
                "coordinates": [
                    [
                        [
                            13.049630889392416,
                            52.41011567761967
                        ],
                        [
                            13.049704353024781,
                            52.4101168898664
                        ],
                        [
                            13.049706335286219,
                            52.41007196427964
                        ],
                        [
                            13.049632871728408,
                            52.41007075203486
                        ],
                        [
                            13.049630889392416,
                            52.41011567761967
                        ]
                    ]
                ],
                "type": "Polygon"
            }
        },
        {
            "type": "Feature",
            "geometry": {
                "coordinates": [
                    [
                        [
                            13.052809883242597,
                            52.410163147987326
                        ],
                        [
                            13.052883347092644,
                            52.41016435825964
                        ],
                        [
                            13.05288532612761,
                            52.410119432588345
                        ],
                        [
                            13.052811862352115,
                            52.41011822231798
                        ],
                        [
                            13.052809883242597,
                            52.410163147987326
                        ]
                    ]
                ],
                "type": "Polygon"
            }
        },
        {
            "type": "Feature",
            "geometry": {
                "coordinates": [
                    [
                        [
                            13.049806585174844,
                            52.41009924468854
                        ],
                        [
                            13.049880048787585,
                            52.41010045682584
                        ],
                        [
                            13.049882030869341,
                            52.41005553123426
                        ],
                        [
                            13.049808567331151,
                            52.410054319098904
                        ],
                        [
                            13.049806585174844,
                            52.41009924468854
                        ]
                    ]
                ],
                "type": "Polygon"
            }
        },
        {
            "type": "Feature",
            "geometry": {
                "coordinates": [
                    [
                        [
                            13.049783154878593,
                            52.41008042518178
                        ],
                        [
                            13.049856618459042,
                            52.410081637333334
                        ],
                        [
                            13.04985860056326,
                            52.41003671174224
                        ],
                        [
                            13.049785137057361,
                            52.41003549959264
                        ],
                        [
                            13.049783154878593,
                            52.41008042518178
                        ]
                    ]
                ],
                "type": "Polygon"
            }
        },
        {
            "type": "Feature",
            "geometry": {
                "coordinates": [
                    [
                        [
                            13.049571915653985,
                            52.41005266199229
                        ],
                        [
                            13.04964537917908,
                            52.41005387427464
                        ],
                        [
                            13.04964736149593,
                            52.41000894868896
                        ],
                        [
                            13.049573898045388,
                            52.41000773640857
                        ],
                        [
                            13.049571915653985,
                            52.41005266199229
                        ]
                    ]
                ],
                "type": "Polygon"
            }
        },
        {
            "type": "Feature",
            "geometry": {
                "coordinates": [
                    [
                        [
                            13.049750848293625,
                            52.410046173385595
                        ],
                        [
                            13.049824311815758,
                            52.410047385556666
                        ],
                        [
                            13.049826293950352,
                            52.410002459966165
                        ],
                        [
                            13.04975283050277,
                            52.41000124779705
                        ],
                        [
                            13.049750848293625,
                            52.410046173385595
                        ]
                    ]
                ],
                "type": "Polygon"
            }
        },
        {
            "type": "Feature",
            "geometry": {
                "coordinates": [
                    [
                        [
                            13.051769346606509,
                            52.41005248764277
                        ],
                        [
                            13.051842810227294,
                            52.41005369855981
                        ],
                        [
                            13.05184479031155,
                            52.410008772915454
                        ],
                        [
                            13.051771326765317,
                            52.41000756200035
                        ],
                        [
                            13.051769346606509,
                            52.41005248764277
                        ]
                    ]
                ],
                "type": "Polygon"
            }
        },
        {
            "type": "Feature",
            "geometry": {
                "coordinates": [
                    [
                        [
                            13.052687323242782,
                            52.41005817433284
                        ],
                        [
                            13.05276078691308,
                            52.41005938467962
                        ],
                        [
                            13.052762766065078,
                            52.41001445901081
                        ],
                        [
                            13.052689302469332,
                            52.410013248665976
                        ],
                        [
                            13.052687323242782,
                            52.41005817433284
                        ]
                    ]
                ],
                "type": "Polygon"
            }
        },
        {
            "type": "Feature",
            "geometry": {
                "coordinates": [
                    [
                        [
                            13.052800674999755,
                            52.410055096424244
                        ],
                        [
                            13.052874138669887,
                            52.41005630670055
                        ],
                        [
                            13.0528761177065,
                            52.41001138102868
                        ],
                        [
                            13.052802654110922,
                            52.410010170754326
                        ],
                        [
                            13.052800674999755,
                            52.410055096424244
                        ]
                    ]
                ],
                "type": "Polygon"
            }
        },
        {
            "type": "Feature",
            "geometry": {
                "coordinates": [
                    [
                        [
                            13.049071921813143,
                            52.40995449336429
                        ],
                        [
                            13.049145385153288,
                            52.40995570595572
                        ],
                        [
                            13.049147367971113,
                            52.40991078038266
                        ],
                        [
                            13.049073904705521,
                            52.4099095677932
                        ],
                        [
                            13.049071921813143,
                            52.40995449336429
                        ]
                    ]
                ],
                "type": "Polygon"
            }
        },
        {
            "type": "Feature",
            "geometry": {
                "coordinates": [
                    [
                        [
                            13.0520842398163,
                            52.40999698409656
                        ],
                        [
                            13.05215770335862,
                            52.40999819481707
                        ],
                        [
                            13.052159683118981,
                            52.40995326916388
                        ],
                        [
                            13.052086219651217,
                            52.40995205844533
                        ],
                        [
                            13.0520842398163,
                            52.40999698409656
                        ]
                    ]
                ],
                "type": "Polygon"
            }
        },
        {
            "type": "Feature",
            "geometry": {
                "coordinates": [
                    [
                        [
                            13.04902619324445,
                            52.40990788107418
                        ],
                        [
                            13.049099656505154,
                            52.40990909369327
                        ],
                        [
                            13.049101639366109,
                            52.40986416812109
                        ],
                        [
                            13.049028176179954,
                            52.40986295550395
                        ],
                        [
                            13.04902619324445,
                            52.40990788107418
                        ]
                    ]
                ],
                "type": "Polygon"
            }
        },
        {
            "type": "Feature",
            "geometry": {
                "coordinates": [
                    [
                        [
                            13.052094023456988,
                            52.40995848121783
                        ],
                        [
                            13.052167486935767,
                            52.40995969193163
                        ],
                        [
                            13.052169466683441,
                            52.409914766277886
                        ],
                        [
                            13.052096003279216,
                            52.40991355556603
                        ],
                        [
                            13.052094023456988,
                            52.40995848121783
                        ]
                    ]
                ],
                "type": "Polygon"
            }
        },
        {
            "type": "Feature",
            "geometry": {
                "coordinates": [
                    [
                        [
                            13.052185712090932,
                            52.40994650479993
                        ],
                        [
                            13.052259175553814,
                            52.40994771545658
                        ],
                        [
                            13.052261155207479,
                            52.4099027898003
                        ],
                        [
                            13.05218769181915,
                            52.409901579145604
                        ],
                        [
                            13.052185712090932,
                            52.40994650479993
                        ]
                    ]
                ],
                "type": "Polygon"
            }
        },
        {
            "type": "Feature",
            "geometry": {
                "coordinates": [
                    [
                        [
                            13.052263442622625,
                            52.40993429829135
                        ],
                        [
                            13.052336906068618,
                            52.40993550889951
                        ],
                        [
                            13.052338885642438,
                            52.40989058324105
                        ],
                        [
                            13.052265422270995,
                            52.409889372634844
                        ],
                        [
                            13.052263442622625,
                            52.40993429829135
                        ]
                    ]
                ],
                "type": "Polygon"
            }
        },
        {
            "type": "Feature",
            "geometry": {
                "coordinates": [
                    [
                        [
                            13.052449005998279,
                            52.40992746529103
                        ],
                        [
                            13.05252246944102,
                            52.40992867578378
                        ],
                        [
                            13.052524448825821,
                            52.40988375012032
                        ],
                        [
                            13.052450985457632,
                            52.40988253962953
                        ],
                        [
                            13.052449005998279,
                            52.40992746529103
                        ]
                    ]
                ],
                "type": "Polygon"
            }
        },
        {
            "type": "Feature",
            "geometry": {
                "coordinates": [
                    [
                        [
                            13.052371867184478,
                            52.40990955962496
                        ],
                        [
                            13.052445330594105,
                            52.40991077016536
                        ],
                        [
                            13.052447310056001,
                            52.40986584450381
                        ],
                        [
                            13.052373846720926,
                            52.40986463396538
                        ],
                        [
                            13.052371867184478,
                            52.40990955962496
                        ]
                    ]
                ],
                "type": "Polygon"
            }
        },
        {
            "type": "Feature",
            "geometry": {
                "coordinates": [
                    [
                        [
                            13.05248440251599,
                            52.40989163233685
                        ],
                        [
                            13.052557865900743,
                            52.40989284280704
                        ],
                        [
                            13.052559845247027,
                            52.40984791714235
                        ],
                        [
                            13.052486381936824,
                            52.409846706674124
                        ],
                        [
                            13.05248440251599,
                            52.40989163233685
                        ]
                    ]
                ],
                "type": "Polygon"
            }
        },
        {
            "type": "Feature",
            "geometry": {
                "coordinates": [
                    [
                        [
                            13.052562113079997,
                            52.4098798748866
                        ],
                        [
                            13.052635576448608,
                            52.4098810853083
                        ],
                        [
                            13.052637555715096,
                            52.40983615964147
                        ],
                        [
                            13.05256409242104,
                            52.409834949221704
                        ],
                        [
                            13.052562113079997,
                            52.4098798748866
                        ]
                    ]
                ],
                "type": "Polygon"
            }
        },
        {
            "type": "Feature",
            "geometry": {
                "coordinates": [
                    [
                        [
                            13.052746941559406,
                            52.40987302931131
                        ],
                        [
                            13.052820404924708,
                            52.40987423961808
                        ],
                        [
                            13.052822384002923,
                            52.409829313946254
                        ],
                        [
                            13.052748920712173,
                            52.40982810364144
                        ],
                        [
                            13.052746941559406,
                            52.40987302931131
                        ]
                    ]
                ],
                "type": "Polygon"
            }
        },
        {
            "type": "Feature",
            "geometry": {
                "coordinates": [
                    [
                        [
                            13.053009356773172,
                            52.40982385203673
                        ],
                        [
                            13.053082820068223,
                            52.409825062179664
                        ],
                        [
                            13.05308479887632,
                            52.40978013650045
                        ],
                        [
                            13.053011335655821,
                            52.409778926359465
                        ],
                        [
                            13.053009356773172,
                            52.40982385203673
                        ]
                    ]
                ],
                "type": "Polygon"
            }
        },
        {
            "type": "Feature",
            "geometry": {
                "coordinates": [
                    [
                        [
                            13.049752749086217,
                            52.40970317294204
                        ],
                        [
                            13.049826212038584,
                            52.409704385106416
                        ],
                        [
                            13.049828194146736,
                            52.409659459513236
                        ],
                        [
                            13.04975473126892,
                            52.40965824735081
                        ],
                        [
                            13.049752749086217,
                            52.40970317294204
                        ]
                    ]
                ],
                "type": "Polygon"
            }
        },
        {
            "type": "Feature",
            "geometry": {
                "coordinates": [
                    [
                        [
                            13.049689348114452,
                            52.409640533897424
                        ],
                        [
                            13.049762810959983,
                            52.40964174610019
                        ],
                        [
                            13.049764793128073,
                            52.40959682050824
                        ],
                        [
                            13.049691330357092,
                            52.40959560830744
                        ],
                        [
                            13.049689348114452,
                            52.409640533897424
                        ]
                    ]
                ],
                "type": "Polygon"
            }
        },
        {
            "type": "Feature",
            "geometry": {
                "coordinates": [
                    [
                        [
                            13.049459793701805,
                            52.40944477380206
                        ],
                        [
                            13.04953325621208,
                            52.40944598614429
                        ],
                        [
                            13.049535238599404,
                            52.40940106055698
                        ],
                        [
                            13.049461776163678,
                            52.40939984821668
                        ],
                        [
                            13.049459793701805,
                            52.40944477380206
                        ]
                    ]
                ],
                "type": "Polygon"
            }
        },
        {
            "type": "Feature",
            "geometry": {
                "coordinates": [
                    [
                        [
                            13.04926449200373,
                            52.40927250731801
                        ],
                        [
                            13.049337954219277,
                            52.40927371977881
                        ],
                        [
                            13.04933993679271,
                            52.409228794195414
                        ],
                        [
                            13.049266474651711,
                            52.40922758173655
                        ],
                        [
                            13.04926449200373,
                            52.40927250731801
                        ]
                    ]
                ],
                "type": "Polygon"
            }
        },
        {
            "type": "Feature",
            "geometry": {
                "coordinates": [
                    [
                        [
                            13.048924923356978,
                            52.409004345778314
                        ],
                        [
                            13.048998385112187,
                            52.40900555844579
                        ],
                        [
                            13.049000368011441,
                            52.40896063286941
                        ],
                        [
                            13.048926906330777,
                            52.40895942020389
                        ],
                        [
                            13.048924923356978,
                            52.409004345778314
                        ]
                    ]
                ],
                "type": "Polygon"
            }
        },
        {
            "type": "Feature",
            "geometry": {
                "coordinates": [
                    [
                        [
                            13.049122525576307,
                            52.40884126184706
                        ],
                        [
                            13.049195987069226,
                            52.40884247438915
                        ],
                        [
                            13.049197969756069,
                            52.40879754880621
                        ],
                        [
                            13.049124508337695,
                            52.4087963362661
                        ],
                        [
                            13.049122525576307,
                            52.40884126184706
                        ]
                    ]
                ],
                "type": "Polygon"
            }
        },
        {
            "type": "Feature",
            "geometry": {
                "coordinates": [
                    [
                        [
                            13.052403773984958,
                            52.40886840199136
                        ],
                        [
                            13.052477235666275,
                            52.40886961249521
                        ],
                        [
                            13.05247921502146,
                            52.40882468682486
                        ],
                        [
                            13.05240575341469,
                            52.40882347632296
                        ],
                        [
                            13.052403773984958,
                            52.40886840199136
                        ]
                    ]
                ],
                "type": "Polygon"
            }
        },
        {
            "type": "Feature",
            "geometry": {
                "coordinates": [
                    [
                        [
                            13.049165288833436,
                            52.40878846730818
                        ],
                        [
                            13.04923875024052,
                            52.40878967982285
                        ],
                        [
                            13.049240732880142,
                            52.40874475423839
                        ],
                        [
                            13.049167271547606,
                            52.408743541725684
                        ],
                        [
                            13.049165288833436,
                            52.40878846730818
                        ]
                    ]
                ],
                "type": "Polygon"
            }
        },
        {
            "type": "Feature",
            "geometry": {
                "coordinates": [
                    [
                        [
                            13.049013420120632,
                            52.40874819551938
                        ],
                        [
                            13.049086881454175,
                            52.408749408127754
                        ],
                        [
                            13.04908886424521,
                            52.408704482547044
                        ],
                        [
                            13.049015402986216,
                            52.408703269940624
                        ],
                        [
                            13.049013420120632,
                            52.40874819551938
                        ]
                    ]
                ],
                "type": "Polygon"
            }
        },
        {
            "type": "Feature",
            "geometry": {
                "coordinates": [
                    [
                        [
                            13.05234402146425,
                            52.4087896395179
                        ],
                        [
                            13.052417483012114,
                            52.408790850057606
                        ],
                        [
                            13.052419462422385,
                            52.408745924388256
                        ],
                        [
                            13.052346000949067,
                            52.408744713850496
                        ],
                        [
                            13.05234402146425,
                            52.4087896395179
                        ]
                    ]
                ],
                "type": "Polygon"
            }
        },
        {
            "type": "Feature",
            "geometry": {
                "coordinates": [
                    [
                        [
                            13.04902477544944,
                            52.408724105474654
                        ],
                        [
                            13.04909823674346,
                            52.4087253180756
                        ],
                        [
                            13.049100219521238,
                            52.408680392494404
                        ],
                        [
                            13.049026758301766,
                            52.40867917989543
                        ],
                        [
                            13.04902477544944,
                            52.408724105474654
                        ]
                    ]
                ],
                "type": "Polygon"
            }
        },
        {
            "type": "Feature",
            "geometry": {
                "coordinates": [
                    [
                        [
                            13.049056935916466,
                            52.40866169470838
                        ],
                        [
                            13.049130397108211,
                            52.40866290728832
                        ],
                        [
                            13.049132379848855,
                            52.40861798170579
                        ],
                        [
                            13.049058918731655,
                            52.40861676912781
                        ],
                        [
                            13.049056935916466,
                            52.40866169470838
                        ]
                    ]
                ],
                "type": "Polygon"
            }
        },
        {
            "type": "Feature",
            "geometry": {
                "coordinates": [
                    [
                        [
                            13.051084803455412,
                            52.40868750780994
                        ],
                        [
                            13.051158264778639,
                            52.40868871913037
                        ],
                        [
                            13.051160245460922,
                            52.408643793493844
                        ],
                        [
                            13.05108678421224,
                            52.408642582175375
                        ],
                        [
                            13.051084803455412,
                            52.40868750780994
                        ]
                    ]
                ],
                "type": "Polygon"
            }
        },
        {
            "type": "Feature",
            "geometry": {
                "coordinates": [
                    [
                        [
                            13.049056557242505,
                            52.40863696138705
                        ],
                        [
                            13.049130018393145,
                            52.40863817396686
                        ],
                        [
                            13.049132001132405,
                            52.40859324838413
                        ],
                        [
                            13.049058540056311,
                            52.40859203580631
                        ],
                        [
                            13.049056557242505,
                            52.40863696138705
                        ]
                    ]
                ],
                "type": "Polygon"
            }
        },
        {
            "type": "Feature",
            "geometry": {
                "coordinates": [
                    [
                        [
                            13.049072995311414,
                            52.408614303986255
                        ],
                        [
                            13.049146456425136,
                            52.408615516555464
                        ],
                        [
                            13.049148439146077,
                            52.40857059097214
                        ],
                        [
                            13.049074978106903,
                            52.40856937840489
                        ],
                        [
                            13.049072995311414,
                            52.408614303986255
                        ]
                    ]
                ],
                "type": "Polygon"
            }
        },
        {
            "type": "Feature",
            "geometry": {
                "coordinates": [
                    [
                        [
                            13.051098914352622,
                            52.40863424011873
                        ],
                        [
                            13.05117237558797,
                            52.40863545142953
                        ],
                        [
                            13.051174356252115,
                            52.40859052579225
                        ],
                        [
                            13.05110089509131,
                            52.408589314483386
                        ],
                        [
                            13.051098914352622,
                            52.40863424011873
                        ]
                    ]
                ],
                "type": "Polygon"
            }
        },
        {
            "type": "Feature",
            "geometry": {
                "coordinates": [
                    [
                        [
                            13.04928713963006,
                            52.408542758206984
                        ],
                        [
                            13.049360600634285,
                            52.408543970641986
                        ],
                        [
                            13.049362583132556,
                            52.40849904505239
                        ],
                        [
                            13.049289122202874,
                            52.40849783261935
                        ],
                        [
                            13.04928713963006,
                            52.408542758206984
                        ]
                    ]
                ],
                "type": "Polygon"
            }
        }
    ],
    "type": "FeatureCollection",
    "crs": {
        "type": "name",
        "properties": {
            "name": "epsg:4326"
        }
    }
}